
/* USER */

INSERT INTO user (id, password,		 	gender, 	user_address1, user_address2, user_address3, 	nickname, phone_number, name, 				reg_date, 	join_path, 	book_number, total_point, store_logo_image, store_introduction,  role, store_name, withdrawal_status)
VALUES 			('admin@naver.com','admin','W',	'userAddress1 1', 'userAddress2 1', 'userAddress3',	'어드민','01022222223','어드민',		'		2022-05-01','HOME'		,NULL,		NULL,			NULL,			NULL, 				'admin',NULL,		0);

INSERT INTO user (id, password,		 	gender, 	user_address1, user_address2, user_address3, 	nickname, phone_number, name, 				reg_date, 	join_path, 	book_number, total_point, store_logo_image, store_introduction,  role, store_name, withdrawal_status)
VALUES  ('store01@naver.com','store01','W',			'서울특별시 강남구','userAddress2','userAddress3',		NULL 	,'01011212221','이지원',		 	'2022-05-30','HOME',	NULL,		NULL,		'store_logo_image01.png','dd','store','간지나 스토어1',0);


INSERT INTO user (id, password,		 	gender, 	user_address1, user_address2, user_address3, 	nickname, phone_number, name, 				reg_date, 	join_path, 	book_number, total_point, store_logo_image, store_introduction,  role, store_name, withdrawal_status)
VALUES  ('store02@naver.com','store02','M','서울특별시 강남구','userAddress2','userAddress3',		NULL 	,'0101234567','태지원',		 	'2022-05-30','HOME',	NULL,		NULL,		'store_logo_image01.png','dd','store','간지나 스토어2',0);

INSERT INTO user (id, password,		 	gender, 	user_address1, user_address2, user_address3, 	nickname, phone_number, name, 				reg_date, 	join_path, 	book_number, total_point, store_logo_image, store_introduction,  role, store_name, withdrawal_status)
VALUES  ('store03@naver.com','store03','M','서울특별시 강남구','userAddress2','userAddress3',		NULL 	,'0102234567','오지원',		 	'2022-05-30','HOME',	NULL,		NULL,		'store_logo_image01.png','dd','store','간지나 스토어3',0);


INSERT INTO user (id, password,		 	gender, 	user_address1, user_address2, user_address3, 	nickname, phone_number, name, 				reg_date, 	join_path, 	book_number, total_point, store_logo_image, store_introduction,  role, store_name, withdrawal_status)
VALUES  ('store04@naver.com','store02','W','서울특별시 강남구','userAddress2','userAddress3',		NULL 	,'0101234568','김한빈',		 	'2022-05-30','HOME',	NULL,		NULL,		'store_logo_image01.png','dd','store','간지나 스토어4',0);

INSERT INTO user (id, password,		 	gender, 	user_address1, user_address2, user_address3, 	nickname, phone_number, name, 				reg_date, 	join_path, 	book_number, total_point, store_logo_image, store_introduction,  role, store_name, withdrawal_status)
VALUES  ('store05@naver.com','store03','M','서울특별시 강남구','userAddress2','userAddress3',		NULL 	,'0102234569','하지원',		 	'2022-05-29','HOME',	NULL,		NULL,		'store_logo_image01.png','dd','storeX','간지나 스토어5',0);

INSERT INTO user (id, password,		 	gender, 	user_address1, user_address2, user_address3, 	nickname, phone_number, name, 				reg_date, 	join_path, 	book_number, total_point, store_logo_image, store_introduction,  role, store_name, withdrawal_status)
 VALUES  ('user01@naver.com','1111','W','경기도 고양시 원흥로','userAddress2','userAddress3','고양고양','01066547918','이예은',		 				'2022-05-30','HOME',NULL,1000,			NULL,NULL,'user',NULL,0);


INSERT INTO user (id, password,		 	gender, 	user_address1, user_address2, user_address3, 	nickname, phone_number, name, 				reg_date, 	join_path, 	book_number, total_point, store_logo_image, store_introduction,  role, store_name, withdrawal_status)
 VALUES  ('user02@naver.com','user02','W','경기도 남양주 원흥로','userAddress2','userAddress3','냥냥','01022222222','이미나',		 				'2022-05-30','HOME',NULL,1000,			NULL,NULL,'user',NULL,0);
INSERT INTO user (id, password,		 	gender, 	user_address1, user_address2, user_address3, 	nickname, phone_number, name, 				reg_date, 	join_path, 	book_number, total_point, store_logo_image, store_introduction,  role, store_name, withdrawal_status)
 VALUES  ('user03@naver.com','user03','M','경기도 구리시 원흥로','userAddress2','userAddress3','뉴뉴','010333333','이정현',		 				'2022-05-30','KAKAO',NULL,1000,			NULL,NULL,'user',NULL,0);
INSERT INTO user (id, password,		 	gender, 	user_address1, user_address2, user_address3, 	nickname, phone_number, name, 				reg_date, 	join_path, 	book_number, total_point, store_logo_image, store_introduction,  role, store_name, withdrawal_status)
 VALUES  ('user04@naver.com','user04','M','경기도 양평군 원흥로','userAddress2','userAddress3','유저유저','01044444444','가비',		 				'2022-04-30','HOME',NULL,1000,			NULL,NULL,'user',NULL,0);
INSERT INTO user (id, password,		 	gender, 	user_address1, user_address2, user_address3, 	nickname, phone_number, name, 				reg_date, 	join_path, 	book_number, total_point, store_logo_image, store_introduction,  role, store_name, withdrawal_status)
 VALUES  ('user05@naver.com','user05','M','경기도 성남시 원흥로','userAddress2','userAddress3','집집집','0105555555','이상현',		 				'2022-03-30','HOME',NULL,1000,			NULL,NULL,'user',NULL,0);
INSERT INTO user (id, password,		 	gender, 	user_address1, user_address2, user_address3, 	nickname, phone_number, name, 				reg_date, 	join_path, 	book_number, total_point, store_logo_image, store_introduction,  role, store_name, withdrawal_status)
 VALUES  ('user06@naver.com','user06','M','경기도 부천시 원흥로','userAddress2','userAddress3','비트비트','01066666666','이화영',		 				'2022-01-30','HOME',NULL,1000,			NULL,NULL,'user',NULL,1);

 

/* PRODUCT */
INSERT INTO product (product_number, product_name, product_price, store_id, product_main_image, product_detail, product_category_code, product_status, reg_date, delivery_charge, product_quantity)
     VALUES (10000, '수제청 딸기청 패션후르츠 결혼식 답례품 생일선물', 5000, 'store03@naver.com', 'product_main_image.jpg', 'product_detail 01', '01', '01', NOW(), 3000, 10);
INSERT INTO product (product_name, product_price, store_id, product_main_image, product_category_code, product_status, reg_date, delivery_charge, product_quantity, product_group_number)
     VALUES ('종류: 딸기청best / 용량: 250ml', 6000, 'store03@naver.com', 'product_main_image.jpg', '01', '01', NOW(), 3000, 10, 10000);
INSERT INTO product (product_name, product_price, store_id, product_main_image, product_category_code, product_status, reg_date, delivery_charge, product_quantity, product_group_number)
     VALUES ('종류: 자몽청best / 용량: 250ml', 6000, 'store03@naver.com', 'product_main_image.jpg', '01', '01', NOW(), 3000, 10, 10000);
INSERT INTO product (product_name, product_price, store_id, product_main_image, product_category_code, product_status, reg_date, delivery_charge, product_quantity, product_group_number)
     VALUES ('종류: 오렌지청best / 용량: 250ml', 6000, 'store03@naver.com', 'product_main_image.jpg', '01', '02', NOW(), 3000, 10, 10000);
INSERT INTO product (product_name, product_price, store_id, product_main_image, product_category_code, product_status, reg_date, delivery_charge, product_quantity, product_group_number)
     VALUES ('종류: 포도청best / 용량: 250ml', 6000, 'store03@naver.com', 'product_main_image.jpg', '01', '03', NOW(), 3000, 0, 10000);
INSERT INTO product (product_name, product_price, store_id, product_main_image, product_detail, product_category_code, product_status, reg_date, delivery_charge, product_quantity)
     VALUES ('식빵 쿠키커터 스마일식빵 쿠키틀', 7000, 'store02@naver.com', 'product_main_image.jpg', 'product_detail 02', '02', '01', NOW(), 3000, 20);
INSERT INTO product (product_name, product_price, store_id, product_main_image, product_detail, product_category_code, product_status, reg_date, delivery_charge, product_quantity)
     VALUES ('진정밤 멀티밤 트러블에 정말 좋아요~', 10000, 'store02@naver.com', 'product_main_image.jpg', 'product_detail 03', '03', '01', NOW(), 3000, 30);
INSERT INTO product (product_name, product_price, store_id, product_main_image, product_category_code, product_status, reg_date, delivery_charge, product_quantity, product_group_number)
     VALUES ('성분: 라벤더', 6000, 'store02@naver.com', 'product_main_image.jpg', '03', '01', NOW(), 3000, 10, 10006);
INSERT INTO product (product_name, product_price, store_id, product_main_image, product_category_code, product_status, reg_date, delivery_charge, product_quantity, product_group_number)
     VALUES ('성분: 로즈마리', 6000, 'store02@naver.com', 'product_main_image.jpg', '03', '01', NOW(), 3000, 10, 10006);
INSERT INTO product (product_name, product_price, store_id, product_main_image, product_category_code, product_status, reg_date, delivery_charge, product_quantity, product_group_number)
     VALUES ('성분: 로즈', 6000, 'store02@naver.com', 'product_main_image.jpg', '03', '02', NOW(), 3000, 10, 10006);
INSERT INTO product (product_name, product_price, store_id, product_main_image, product_category_code, product_status, reg_date, delivery_charge, product_quantity, product_group_number)
     VALUES ('성분: 카모마일', 6000, 'store02@naver.com', 'product_main_image.jpg', '03', '03', NOW(), 3000, 0, 10006);
INSERT INTO product (product_name, product_price, store_id, product_main_image, product_detail, product_category_code, product_status, reg_date, delivery_charge, product_quantity)
     VALUES ('아디다스 티셔츠 한정판', 12000, 'store01@naver.com', 'product_main_image.jpg', 'product_detail 02', '04', '01', NOW(), 3000, 10);
INSERT INTO product (product_name, product_price, store_id, product_main_image, product_detail, product_category_code, product_status, reg_date, delivery_charge, product_quantity)
     VALUES ('감성 무드등', 30000, 'store01@naver.com', 'product_main_image.jpg', 'product_detail 02', '05', '01', NOW(), 3000, 10);
INSERT INTO product (product_name, product_price, store_id, product_main_image, product_detail, product_category_code, product_status, reg_date, delivery_charge, product_quantity)
     VALUES ('순면 100% 턱받침', 15300, 'store01@naver.com', 'product_main_image.jpg', 'product_detail 02', '06', '01', NOW(), 3000, 10);
INSERT INTO product (product_name, product_price, store_id, product_main_image, product_detail, product_category_code, product_status, reg_date, delivery_charge, product_quantity)
     VALUES ('수제 터키 과자 딜라이트', 10000, 'store03@naver.com', 'product_main_image.jpg', 'product_detail 02', '01', '01', NOW(), 3000, 10);
INSERT INTO product (product_name, product_price, store_id, product_main_image, product_detail, product_category_code, product_status, reg_date, delivery_charge, product_quantity)
     VALUES ('프랑스에서 만든 마카롱 10개 세트', 20000, 'store03@naver.com', 'product_main_image.jpg', 'product_detail 02', '01', '01', NOW(), 3000, 10);



/* ORDER */

INSERT INTO `order` (receiver_name, buyer_id, receiver_address1, receiver_address2, receiver_address3, order_status, delivery_charge, using_point, order_date)
     VALUES ('receiver_name 1', 'id 1', 'receiver_address1 1', 'receiver_address2 1', 'receiver_address3 1', 'order_state 1', 1, 1, NOW());
INSERT INTO `order` (receiver_name, buyer_id, receiver_address1, receiver_address2, receiver_address3, order_status, delivery_charge, using_point, order_date)
     VALUES ('receiver_name 2', 'id 2', 'receiver_address1 2', 'receiver_address2 2', 'receiver_address3 2', 'order_state 2', 2, 2, NOW());
INSERT INTO `order` (receiver_name, buyer_id, receiver_address1, receiver_address2, receiver_address3, order_status, delivery_charge, using_point, order_date)
     VALUES ('receiver_name 3', 'id 3', 'receiver_address1 3', 'receiver_address2 3', 'receiver_address3 3', 'order_state 3', 3, 3, NOW());
INSERT INTO `order` (receiver_name, buyer_id, receiver_address1, receiver_address2, receiver_address3, order_status, delivery_charge, using_point, order_date)
     VALUES ('receiver_name 4', 'id 4', 'receiver_address1 4', 'receiver_address2 4', 'receiver_address3 4', 'order_state 4', 4, 4, NOW());
INSERT INTO `order` (receiver_name, buyer_id, receiver_address1, receiver_address2, receiver_address3, order_status, delivery_charge, using_point, order_date)
     VALUES ('receiver_name 5', 'id 5', 'receiver_address1 5', 'receiver_address2 5', 'receiver_address3 5', 'order_state 5', 5, 5, NOW());


/* ORDER PRODUCT */

INSERT INTO order_product (order_number, product_number, product_quantity, product_price, reward_point)
     VALUES ('order_number 1', 1, 1, 1, 1);
INSERT INTO order_product (order_number, product_number, product_quantity, product_price, reward_point)
     VALUES ('order_number 2', 2, 2, 2, 2);
INSERT INTO order_product (order_number, product_number, product_quantity, product_price, reward_point)
     VALUES ('order_number 3', 3, 3, 3, 3);
INSERT INTO order_product (order_number, product_number, product_quantity, product_price, reward_point)
     VALUES ('order_number 4', 4, 4, 4, 4);
INSERT INTO order_product (order_number, product_number, product_quantity, product_price, reward_point)
     VALUES ('order_number 5', 5, 5, 5, 5);