/* USER */
/* 어드민만 비밀번호 admin 이고 , 나머지  비밀번호 전부 111 입니다. */
INSERT INTO user (id, password,		 	gender, 	user_address1, user_address2, user_address3, 	nickname, phone_number, name, 				reg_date, 	join_path, 	book_number, total_point, store_logo_image, store_introduction,  role, store_name, withdrawal_status)
VALUES 			('admin@naver.com','$2a$10$5Lr5uObFPftkMoQa.vmtS.3ep3lF/HdxDMfQeDZsfQnB6otM9dUsy','W',	'userAddress1 1', 'userAddress2 1', 'userAddress3',	'어드민','01022222223','어드민',		'		2022-05-01','HOME'		,NULL,		NULL,			NULL,			NULL, 				'admin',NULL,		0);
INSERT INTO user (id, password,		 	gender, 	user_address1, user_address2, user_address3, 	nickname, phone_number, name, 				reg_date, 	join_path, 	book_number, total_point, store_logo_image, store_introduction,  role, store_name, withdrawal_status)
VALUES  ('store01@naver.com','$2a$10$bBc8LEVW86ppQsDcmGLqSuyPRMjSlmLqc86eMKEuuGzAc9F8W2op2' ,'W',			'서울특별시 강남구','userAddress2','userAddress3',		NULL 	,'01011212221','이지원',		 	'2022-05-30','HOME',	NULL,		NULL,		'20220612212554fac6d925-0d36-4f3d-88fa-d29731dcf6e0.PNG','수공예품점','store','손짓',0);
INSERT INTO user (id, password,		 	gender, 	user_address1, user_address2, user_address3, 	nickname, phone_number, name, 				reg_date, 	join_path, 	book_number, total_point, store_logo_image, store_introduction,  role, store_name, withdrawal_status)
VALUES  ('store02@naver.com','$2a$10$bBc8LEVW86ppQsDcmGLqSuyPRMjSlmLqc86eMKEuuGzAc9F8W2op2','M','서울특별시 강남구','userAddress2','userAddress3',		NULL 	,'0101234567','태지원',		 	'2022-05-30','HOME',	NULL,		NULL,		'20220612211736fafe5da1-3fb3-4341-991f-042f9a98b694.png','dd','store','fait-main',0);
INSERT INTO user (id, password,		 	gender, 	user_address1, user_address2, user_address3, 	nickname, phone_number, name, 				reg_date, 	join_path, 	book_number, total_point, store_logo_image, store_introduction,  role, store_name, withdrawal_status)
VALUES  ('store03@naver.com','$2a$10$bBc8LEVW86ppQsDcmGLqSuyPRMjSlmLqc86eMKEuuGzAc9F8W2op2','M','서울특별시 강남구','userAddress2','userAddress3',		NULL 	,'0102234567','오지원',		 	'2022-05-30','HOME',	NULL,		NULL,		'store_logo_image01.PNG','dd','store','간지나 스토어3',0);
INSERT INTO user (id, password,		 	gender, 	user_address1, user_address2, user_address3, 	nickname, phone_number, name, 				reg_date, 	join_path, 	book_number, total_point, store_logo_image, store_introduction,  role, store_name, withdrawal_status)
VALUES  ('store04@naver.com','$2a$10$bBc8LEVW86ppQsDcmGLqSuyPRMjSlmLqc86eMKEuuGzAc9F8W2op2','W','서울특별시 강남구','userAddress2','userAddress3',		NULL 	,'0101234568','김한빈',		 	'2022-05-30','HOME',	NULL,		NULL,		'store_logo_image02.PNG','dd','store','간지나 스토어4',0);
INSERT INTO user (id, password,		 	gender, 	user_address1, user_address2, user_address3, 	nickname, phone_number, name, 				reg_date, 	join_path, 	book_number, total_point, store_logo_image, store_introduction,  role, store_name, withdrawal_status)
VALUES  ('store05@naver.com', '$2a$10$bBc8LEVW86ppQsDcmGLqSuyPRMjSlmLqc86eMKEuuGzAc9F8W2op2','M','서울특별시 강남구','userAddress2','userAddress3',		NULL 	,'0102234569','하지원',		 	'2022-05-29','HOME',	NULL,		NULL,		'store_logo_image03.PNG','dd','storeX','간지나 스토어5',0);
INSERT INTO user (id, password,		 	gender, 	user_address1, user_address2, user_address3, 	nickname, phone_number, name, 				reg_date, 	join_path, 	book_number, total_point, store_logo_image, store_introduction,  role, store_name, withdrawal_status)
 VALUES  ('user01@naver.com','$2a$10$bBc8LEVW86ppQsDcmGLqSuyPRMjSlmLqc86eMKEuuGzAc9F8W2op2','W','경기도 고양시 원흥로','userAddress2','userAddress3','고양고양','01066547918','조이서',		 				'2022-05-30','HOME',NULL,999991000,			NULL,NULL,'user',NULL,0);
INSERT INTO user (id, password,		 	gender, 	user_address1, user_address2, user_address3, 	nickname, phone_number, name, 				reg_date, 	join_path, 	book_number, total_point, store_logo_image, store_introduction,  role, store_name, withdrawal_status)
 VALUES  ('user02@naver.com','$2a$10$bBc8LEVW86ppQsDcmGLqSuyPRMjSlmLqc86eMKEuuGzAc9F8W2op2','W','경기도 남양주 원흥로','userAddress2','userAddress3','냥냥','01022222222','이미나',		 				'2022-05-30','HOME',NULL,999991000,			NULL,NULL,'user',NULL,0);
 INSERT INTO user (id, password,		 	gender, 	user_address1, user_address2, user_address3, 	nickname, phone_number, name, 				reg_date, 	join_path, 	book_number, total_point, store_logo_image, store_introduction,  role, store_name, withdrawal_status)
 VALUES  ('user03@naver.com','$2a$10$bBc8LEVW86ppQsDcmGLqSuyPRMjSlmLqc86eMKEuuGzAc9F8W2op2','M','경기도 구리시 원흥로','userAddress2','userAddress3','뉴뉴','010333333','이정현',		 				'2022-05-30','KAKAO',NULL,999991000,			NULL,NULL,'user',NULL,0);
INSERT INTO user (id, password,		 	gender, 	user_address1, user_address2, user_address3, 	nickname, phone_number, name, 				reg_date, 	join_path, 	book_number, total_point, store_logo_image, store_introduction,  role, store_name, withdrawal_status)
 VALUES  ('user04@naver.com','$2a$10$bBc8LEVW86ppQsDcmGLqSuyPRMjSlmLqc86eMKEuuGzAc9F8W2op2','M','경기도 양평군 원흥로','userAddress2','userAddress3','유저유저','01044444444','가비',		 				'2022-04-30','HOME',NULL,999991000,			NULL,NULL,'user',NULL,0);
INSERT INTO user (id, password,		 	gender, 	user_address1, user_address2, user_address3, 	nickname, phone_number, name, 				reg_date, 	join_path, 	book_number, total_point, store_logo_image, store_introduction,  role, store_name, withdrawal_status)
 VALUES  ('user05@naver.com','$2a$10$bBc8LEVW86ppQsDcmGLqSuyPRMjSlmLqc86eMKEuuGzAc9F8W2op2','M','경기도 성남시 원흥로','userAddress2','userAddress3','집집집','0105555555','이상현',		 				'2022-03-30','HOME',NULL,999991000,			NULL,NULL,'user',NULL,0);
INSERT INTO user (id, password,		 	gender, 	user_address1, user_address2, user_address3, 	nickname, phone_number, name, 				reg_date, 	join_path, 	book_number, total_point, store_logo_image, store_introduction,  role, store_name, withdrawal_status)
 VALUES  ('user06@naver.com','$2a$10$bBc8LEVW86ppQsDcmGLqSuyPRMjSlmLqc86eMKEuuGzAc9F8W2op2','M','경기도 부천시 원흥로','userAddress2','userAddress3','비트비트','01066666666','이화영',		 				'2022-01-30','HOME',NULL,999991000,			NULL,NULL,'user',NULL,1);


/* store application document */
INSERT INTO store_application_document (`store_application_document_number`,`id`,`examination_status`,`product_detail`,`reg_date`) VALUES (10000,'store01@naver.com','R','우리 스토어 오랜동안 베이킹을 배운 장인이 만든 과자를 판매합니다. ','2022-05-02');
INSERT INTO store_application_document (`store_application_document_number`,`id`,`examination_status`,`product_detail`,`reg_date`) VALUES (10001,'store02@naver.com','A','우리스토어','2022-05-30');
INSERT INTO store_application_document (`store_application_document_number`,`id`,`examination_status`,`product_detail`,`reg_date`) VALUES (10002,'store03@naver.com','W','product_detail 3','2022-05-30');
INSERT INTO store_application_document (`store_application_document_number`,`id`,`examination_status`,`product_detail`,`reg_date`) VALUES (10003,'store01@naver.com','A','product_detail 4','2022-05-30');
INSERT INTO store_application_document (`store_application_document_number`,`id`,`examination_status`,`product_detail`,`reg_date`) VALUES (10004,'store04@naver.com','W','product_detail 4','2022-05-30');
INSERT INTO store_application_document (`store_application_document_number`,`id`,`examination_status`,`product_detail`,`reg_date`) VALUES (10005,'store05@naver.com','W','product_detail 4','2022-05-30');

/* PRODUCT */
INSERT INTO product (product_number, product_name, product_price, store_id, product_main_image, product_detail, product_category_code, product_status, reg_date, delivery_charge, product_quantity)
     VALUES (10000, '수제청 딸기청 패션후르츠 결혼식 답례품 생일선물', 5000, 'store03@naver.com', 'product_main_image.jpg', 'product_detail 01', '01', '01', NOW(), 3000, 10);
INSERT INTO product (product_name, product_price, store_id, product_main_image, product_category_code, product_status, reg_date, delivery_charge, product_quantity, product_group_number)
     VALUES ('종류: 딸기청best / 용량: 250ml', 6000, 'store03@naver.com', 'product_main_image.jpg', '01', '01', NOW(), 3000, 10, 10000);
INSERT INTO product (product_name, product_price, store_id, product_main_image, product_category_code, product_status, reg_date, delivery_charge, product_quantity, product_group_number)
     VALUES ('종류: 자몽청best / 용량: 250ml', 6000, 'store03@naver.com', 'product_main_image.jpg', '01', '01', NOW(), 3000, 10, 10000);
INSERT INTO product (product_name, product_price, store_id, product_main_image, product_category_code, product_status, reg_date, delivery_charge, product_quantity, product_group_number)
     VALUES ('종류: 오렌지청best / 용량: 250ml', 6000, 'store03@naver.com', 'product_main_image.jpg', '01', '02', NOW(), 3000, 10, 10000);
INSERT INTO product (product_name, product_price, store_id, product_main_image, product_category_code, product_status, reg_date, delivery_charge, product_quantity, product_group_number)
     VALUES ('종류: 포도청best / 용량: 250ml', 6000, 'store03@naver.com', 'product_main_image.jpg', '01', '03', NOW(), 3000, 0, 10000);
INSERT INTO product (product_name, product_price, store_id, product_main_image, product_detail, product_category_code, product_status, reg_date, delivery_charge, product_quantity)
     VALUES ('식빵 쿠키커터 스마일식빵 쿠키틀', 7000, 'store02@naver.com', 'product_main_image.jpg', 'product_detail 02', '02', '01', NOW(), 3000, 20);
INSERT INTO product (product_name, product_price, store_id, product_main_image, product_detail, product_category_code, product_status, reg_date, delivery_charge, product_quantity)
     VALUES ('진정밤 멀티밤 트러블에 정말 좋아요~', 10000, 'store02@naver.com', 'product_main_image.jpg', 'product_detail 03', '03', '01', NOW(), 3000, 30);
INSERT INTO product (product_name, product_price, store_id, product_main_image, product_category_code, product_status, reg_date, delivery_charge, product_quantity, product_group_number)
     VALUES ('성분: 라벤더', 6000, 'store02@naver.com', 'product_main_image.jpg', '03', '01', NOW(), 3000, 10, 10006);
INSERT INTO product (product_name, product_price, store_id, product_main_image, product_category_code, product_status, reg_date, delivery_charge, product_quantity, product_group_number)
     VALUES ('성분: 로즈마리', 6000, 'store02@naver.com', 'product_main_image.jpg', '03', '01', NOW(), 3000, 10, 10006);
INSERT INTO product (product_name, product_price, store_id, product_main_image, product_category_code, product_status, reg_date, delivery_charge, product_quantity, product_group_number)
     VALUES ('성분: 로즈', 6000, 'store02@naver.com', 'product_main_image.jpg', '03', '02', NOW(), 3000, 10, 10006);
INSERT INTO product (product_name, product_price, store_id, product_main_image, product_category_code, product_status, reg_date, delivery_charge, product_quantity, product_group_number)
     VALUES ('성분: 카모마일', 6000, 'store02@naver.com', 'product_main_image.jpg', '03', '03', NOW(), 3000, 0, 10006);
INSERT INTO product (product_name, product_price, store_id, product_main_image, product_detail, product_category_code, product_status, reg_date, delivery_charge, product_quantity)
     VALUES ('아디다스 티셔츠 한정판', 12000, 'store01@naver.com', 'product_main_image.jpg', 'product_detail 02', '04', '01', NOW(), 3000, 10);
INSERT INTO product (product_name, product_price, store_id, product_main_image, product_detail, product_category_code, product_status, reg_date, delivery_charge, product_quantity)
     VALUES ('감성 무드등', 30000, 'store01@naver.com', 'product_main_image.jpg', 'product_detail 02', '05', '01', NOW(), 3000, 10);
INSERT INTO product (product_name, product_price, store_id, product_main_image, product_detail, product_category_code, product_status, reg_date, delivery_charge, product_quantity)
     VALUES ('순면 100% 턱받침', 15300, 'store01@naver.com', 'product_main_image.jpg', 'product_detail 02', '06', '01', NOW(), 3000, 10);
INSERT INTO product (product_name, product_price, store_id, product_main_image, product_detail, product_category_code, product_status, reg_date, delivery_charge, product_quantity)
     VALUES ('수제 터키 과자 딜라이트', 10000, 'store03@naver.com', 'product_main_image.jpg', 'product_detail 02', '01', '01', NOW(), 3000, 10);
INSERT INTO product (product_name, product_price, store_id, product_main_image, product_detail, product_category_code, product_status, reg_date, delivery_charge, product_quantity)
     VALUES ('프랑스에서 만든 마카롱 10개 세트', 20000, 'store03@naver.com', 'product_main_image.jpg', 'product_detail 02', '01', '01', NOW(), 3000, 10);


/* 추가 insert */
INSERT INTO product (product_number, product_name, product_price, store_id, product_main_image, product_category_code, product_status, delivery_charge, product_quantity, reg_date) VALUES (10050, '허브 쿨링 솝', 4300, 'store01@naver.com', 'product_beauty_1.PNG', '03', '01', 3000, 10, now());
INSERT INTO image (image_classification_code, image_classification_number, image_name) VALUES ('P', '10050', 'product_beauty_1_extra_1.png');
INSERT INTO image (image_classification_code, image_classification_number, image_name) VALUES ('P', '10050', 'product_beauty_1_extra_2.png');
INSERT INTO image (image_classification_code, image_classification_number, image_name) VALUES ('P', '10050', 'product_beauty_1_extra_3.png');

INSERT INTO product (product_number, product_name, product_price, store_id, product_main_image, product_category_code, product_status, delivery_charge, product_quantity, reg_date) VALUES (10051, '진정밤/기피제 모기벌레 아웃도어 3총사', 6500, 'store01@naver.com', 'product_beauty_2.PNG', '03', '01', 3000, 20, now());
INSERT INTO product (product_number, product_name, product_price, store_id, product_main_image, product_category_code, product_status, delivery_charge, product_quantity, reg_date, product_group_number) VALUES (10052, '아웃도어 밤', 6500, 'store01@naver.com', 'product_beauty_2.PNG', '03', '01', 3000, 10, now(), 10051);
INSERT INTO product (product_number, product_name, product_price, store_id, product_main_image, product_category_code, product_status, delivery_charge, product_quantity, reg_date, product_group_number) VALUES (10053, '아웃도어 스프레이', 6500, 'store01@naver.com', 'product_beauty_2.PNG', '03', '01', 3000, 10, now(), 10051);
INSERT INTO image (image_classification_code, image_classification_number, image_name) VALUES ('P', '10051', 'product_beauty_2_extra_1.png');
INSERT INTO image (image_classification_code, image_classification_number, image_name) VALUES ('P', '10051', 'product_beauty_2_extra_2.png');
INSERT INTO image (image_classification_code, image_classification_number, image_name) VALUES ('P', '10051', 'product_beauty_2_extra_3.png');

INSERT INTO product (product_number, product_name, product_price, store_id, product_main_image, product_category_code, product_status, delivery_charge, product_quantity, reg_date) VALUES (10054, '미니 다리미 스틱 Light', 4300, 'store01@naver.com', 'product_beauty_3.PNG', '03', '01', 3000, 10, now());
INSERT INTO image (image_classification_code, image_classification_number, image_name) VALUES ('P', '10054', 'product_beauty_3_extra_1.png');
INSERT INTO image (image_classification_code, image_classification_number, image_name) VALUES ('P', '10054', 'product_beauty_3_extra_2.png');
INSERT INTO image (image_classification_code, image_classification_number, image_name) VALUES ('P', '10054', 'product_beauty_3_extra_3.png');

INSERT INTO product (product_number, product_name, product_price, store_id, product_main_image, product_category_code, product_status, delivery_charge, product_quantity, reg_date) VALUES (10055, '달의 요람 향수', 42000, 'store01@naver.com', 'product_beauty_5.PNG', '03', '01', 3000, 10, now());
INSERT INTO image (image_classification_code, image_classification_number, image_name) VALUES ('P', '10055', 'product_beauty_5_extra_1.png');
INSERT INTO image (image_classification_code, image_classification_number, image_name) VALUES ('P', '10055', 'product_beauty_5_extra_2.png');

INSERT INTO product (product_number, product_name, product_price, store_id, product_main_image, product_category_code, product_status, delivery_charge, product_quantity, reg_date) VALUES (10056, '마스크스트랩 목걸이', 12000, 'store02@naver.com', 'product_fashion_1.PNG', '04', '01', 3000, 20, now());
INSERT INTO product (product_number, product_name, product_price, store_id, product_main_image, product_category_code, product_status, delivery_charge, product_quantity, reg_date, product_group_number) VALUES (10057, '마스크스트랩 목걸이 파스텔 곰젤리', 12000, 'store02@naver.com', 'product_fashion_1.PNG', '04', '01', 3000, 10, now(), 10056);
INSERT INTO product (product_number, product_name, product_price, store_id, product_main_image, product_category_code, product_status, delivery_charge, product_quantity, reg_date, product_group_number) VALUES (10058, '마스크스트랩 목걸이 민트블루 곰젤리', 12000, 'store02@naver.com', 'product_fashion_1.PNG', '04', '01', 3000, 10, now(), 10056);

INSERT INTO product (product_number, product_name, product_price, store_id, product_main_image, product_category_code, product_status, delivery_charge, product_quantity, reg_date) VALUES (10059, '아쿠아마린 나비 귀걸이 목걸이', 10000, 'store02@naver.com', 'product_fashion_2.PNG', '04', '01', 3000, 20, now());
INSERT INTO product (product_number, product_name, product_price, store_id, product_main_image, product_category_code, product_status, delivery_charge, product_quantity, reg_date, product_group_number) VALUES (10060, '아쿠아마린 나비 귀걸이', 12000, 'store02@naver.com', 'product_fashion_2.PNG', '04', '01', 3000, 10, now(), 10059);
INSERT INTO product (product_number, product_name, product_price, store_id, product_main_image, product_category_code, product_status, delivery_charge, product_quantity, reg_date, product_group_number) VALUES (10061, '아쿠아마린 나비 목걸이', 12000, 'store02@naver.com', 'product_fashion_2.PNG', '04', '01', 3000, 10, now(), 10059);
INSERT INTO image (image_classification_code, image_classification_number, image_name) VALUES ('P', '10059', 'product_fashion_2_extra_1.png');
INSERT INTO image (image_classification_code, image_classification_number, image_name) VALUES ('P', '10059', 'product_fashion_2_extra_2.png');
INSERT INTO image (image_classification_code, image_classification_number, image_name) VALUES ('P', '10059', 'product_fashion_2_extra_3.png');

INSERT INTO product (product_number, product_name, product_price, store_id, product_main_image, product_category_code, product_status, delivery_charge, product_quantity, reg_date) VALUES (10062, '뮬 슬리퍼 3cm 슬링백', 26000, 'store02@naver.com', 'product_fashion_3.PNG', '04', '01', 3000, 30, now());
INSERT INTO product (product_number, product_name, product_price, store_id, product_main_image, product_category_code, product_status, delivery_charge, product_quantity, reg_date, product_group_number) VALUES (10063, '뮬 슬리퍼 블랙', 26000, 'store02@naver.com', 'product_fashion_3.PNG', '04', '01', 3000, 10, now(), 10062);
INSERT INTO product (product_number, product_name, product_price, store_id, product_main_image, product_category_code, product_status, delivery_charge, product_quantity, reg_date, product_group_number) VALUES (10064, '뮬 슬리퍼 베이지', 26000, 'store02@naver.com', 'product_fashion_3.PNG', '04', '01', 3000, 10, now(), 10062);
INSERT INTO product (product_number, product_name, product_price, store_id, product_main_image, product_category_code, product_status, delivery_charge, product_quantity, reg_date, product_group_number) VALUES (10065, '뮬 슬리퍼 화이트', 26000, 'store02@naver.com', 'product_fashion_3.PNG', '04', '01', 3000, 10, now(), 10062);
INSERT INTO image (image_classification_code, image_classification_number, image_name) VALUES ('P', '10062', 'product_fashion_3_extra_1.png');
INSERT INTO image (image_classification_code, image_classification_number, image_name) VALUES ('P', '10062', 'product_fashion_3_extra_2.png');
INSERT INTO image (image_classification_code, image_classification_number, image_name) VALUES ('P', '10062', 'product_fashion_3_extra_3.png');

INSERT INTO product (product_number, product_name, product_price, store_id, product_main_image, product_category_code, product_status, delivery_charge, product_quantity, reg_date) VALUES (10066, '와이드 슬랙스 밴딩 Grey', 18900, 'store02@naver.com', 'product_fashion_6.PNG', '04', '01', 3000, 30, now());
INSERT INTO product (product_number, product_name, product_price, store_id, product_main_image, product_category_code, product_status, delivery_charge, product_quantity, reg_date, product_group_number) VALUES (10067, '와이드 슬랙스 밴딩 Grey S', 18900, 'store02@naver.com', 'product_fashion_6.PNG', '04', '01', 3000, 10, now(), 10066);
INSERT INTO product (product_number, product_name, product_price, store_id, product_main_image, product_category_code, product_status, delivery_charge, product_quantity, reg_date, product_group_number) VALUES (10068, '와이드 슬랙스 밴딩 Grey M', 18900, 'store02@naver.com', 'product_fashion_6.PNG', '04', '01', 3000, 10, now(), 10066);
INSERT INTO product (product_number, product_name, product_price, store_id, product_main_image, product_category_code, product_status, delivery_charge, product_quantity, reg_date, product_group_number) VALUES (10069, '와이드 슬랙스 밴딩 Grey L', 18900, 'store02@naver.com', 'product_fashion_6.PNG', '04', '01', 3000, 10, now(), 10066);
INSERT INTO image (image_classification_code, image_classification_number, image_name) VALUES ('P', '10066', 'product_fashion_6_extra_1.png');
INSERT INTO image (image_classification_code, image_classification_number, image_name) VALUES ('P', '10066', 'product_fashion_6_extra_2.png');

INSERT INTO product (product_number, product_name, product_price, store_id, product_main_image, product_category_code, product_status, delivery_charge, product_quantity, reg_date) VALUES (10070, '아낌없이 만든 수제쿠키 세트', 15000, 'store03@naver.com', 'product_food_1.PNG', '01', '01', 3000, 30, now());
INSERT INTO image (image_classification_code, image_classification_number, image_name) VALUES ('P', '10070', 'product_food_1_extra_1.png');
INSERT INTO image (image_classification_code, image_classification_number, image_name) VALUES ('P', '10070', 'product_food_1_extra_2.png');
INSERT INTO image (image_classification_code, image_classification_number, image_name) VALUES ('P', '10070', 'product_food_1_extra_3.png');
INSERT INTO image (image_classification_code, image_classification_number, image_name) VALUES ('P', '10070', 'product_food_1_extra_4.png');
INSERT INTO image (image_classification_code, image_classification_number, image_name) VALUES ('P', '10070', 'product_food_1_extra_5.png');

INSERT INTO product (product_number, product_name, product_price, store_id, product_main_image, product_category_code, product_status, delivery_charge, product_quantity, reg_date) VALUES (10071, '맛있는 무설탕 자일리톨 캔디 11종 랜덤', 6900, 'store03@naver.com', 'product_food_2.PNG', '01', '01', 3000, 110, now());
INSERT INTO image (image_classification_code, image_classification_number, image_name) VALUES ('P', '10071', 'product_food_2_extra_1.png');
INSERT INTO image (image_classification_code, image_classification_number, image_name) VALUES ('P', '10071', 'product_food_2_extra_2.png');
INSERT INTO image (image_classification_code, image_classification_number, image_name) VALUES ('P', '10071', 'product_food_2_extra_3.png');

INSERT INTO product (product_number, product_name, product_price, store_id, product_main_image, product_category_code, product_status, delivery_charge, product_quantity, reg_date) VALUES (10072, '대용량 더치커피 1L', 8900, 'store03@naver.com', 'product_food_3.PNG', '01', '01', 3000, 50, now());
INSERT INTO product (product_number, product_name, product_price, store_id, product_main_image, product_category_code, product_status, delivery_charge, product_quantity, reg_date, product_group_number) VALUES (10073, '대용량 더치커피 1L 바닐라', 8900, 'store03@naver.com', 'product_food_3.PNG', '01', '01', 3000, 25, now(), 10072);
INSERT INTO product (product_number, product_name, product_price, store_id, product_main_image, product_category_code, product_status, delivery_charge, product_quantity, reg_date, product_group_number) VALUES (10074, '대용량 더치커피 1L 헤이즐넛', 8900, 'store03@naver.com', 'product_food_3.PNG', '01', '01', 3000, 25, now(), 10072);
INSERT INTO image (image_classification_code, image_classification_number, image_name) VALUES ('P', '10072', 'product_food_3_extra_1.png');
INSERT INTO image (image_classification_code, image_classification_number, image_name) VALUES ('P', '10072', 'product_food_3_extra_2.png');
INSERT INTO image (image_classification_code, image_classification_number, image_name) VALUES ('P', '10072', 'product_food_3_extra_3.png');

INSERT INTO product (product_number, product_name, product_price, store_id, product_main_image, product_category_code, product_status, delivery_charge, product_quantity, reg_date) VALUES (10075, '무설탕 무첨가 건강 대추차', 5900, 'store03@naver.com', 'product_food_4.PNG', '01', '01', 3000, 100, now());
INSERT INTO image (image_classification_code, image_classification_number, image_name) VALUES ('P', '10075', 'product_food_4_extra_1.png');
INSERT INTO image (image_classification_code, image_classification_number, image_name) VALUES ('P', '10075', 'product_food_4_extra_2.png');
INSERT INTO image (image_classification_code, image_classification_number, image_name) VALUES ('P', '10075', 'product_food_4_extra_3.png');
INSERT INTO image (image_classification_code, image_classification_number, image_name) VALUES ('P', '10075', 'product_food_4_extra_4.png');

INSERT INTO product (product_number, product_name, product_price, store_id, product_main_image, product_category_code, product_status, delivery_charge, product_quantity, reg_date) VALUES (10076, '생일선물 부모님선물 꽃차 5종 세트', 24500, 'store03@naver.com', 'product_food_5.PNG', '01', '01', 3000, 70, now());
INSERT INTO image (image_classification_code, image_classification_number, image_name) VALUES ('P', '10076', 'product_food_5_extra_1.png');
INSERT INTO image (image_classification_code, image_classification_number, image_name) VALUES ('P', '10076', 'product_food_5_extra_2.png');
INSERT INTO image (image_classification_code, image_classification_number, image_name) VALUES ('P', '10076', 'product_food_5_extra_3.png');
INSERT INTO image (image_classification_code, image_classification_number, image_name) VALUES ('P', '10076', 'product_food_5_extra_4.png');

INSERT INTO product (product_number, product_name, product_price, store_id, product_main_image, product_category_code, product_status, delivery_charge, product_quantity, reg_date) VALUES (10077, '스마일꽃 믹스사이즈 마그넷', 24500, 'store04@naver.com', 'product_interior_3.PNG', '05', '01', 3000, 30, now());
INSERT INTO image (image_classification_code, image_classification_number, image_name) VALUES ('P', '10077', 'product_interior_3_extra_1.png');
INSERT INTO image (image_classification_code, image_classification_number, image_name) VALUES ('P', '10077', 'product_interior_3_extra_2.png');

INSERT INTO product (product_number, product_name, product_price, store_id, product_main_image, product_category_code, product_status, delivery_charge, product_quantity, reg_date) VALUES (10078, '친환경 제로웨이스트 대나무 칫솔', 1780, 'store05@naver.com', 'product_life_1.PNG', '02', '01', 3000, 60, now());
INSERT INTO product (product_number, product_name, product_price, store_id, product_main_image, product_category_code, product_status, delivery_charge, product_quantity, reg_date, product_group_number) VALUES (10079, '친환경 제로웨이스트 대나무 칫솔 스퀘어형', 1780, 'store04@naver.com', 'product_life_1.PNG', '02', '01', 3000, 30, now(), 10078);
INSERT INTO product (product_number, product_name, product_price, store_id, product_main_image, product_category_code, product_status, delivery_charge, product_quantity, reg_date, product_group_number) VALUES (10080, '친환경 제로웨이스트 대나무 칫솔 기본형', 1780, 'store04@naver.com', 'product_life_1.PNG', '02', '01', 3000, 30, now(), 10078);
INSERT INTO image (image_classification_code, image_classification_number, image_name) VALUES ('P', '10078', 'product_life_1_extra_1.png');
INSERT INTO image (image_classification_code, image_classification_number, image_name) VALUES ('P', '10078', 'product_life_1_extra_2.png');
INSERT INTO image (image_classification_code, image_classification_number, image_name) VALUES ('P', '10078', 'product_life_1_extra_3.png');

INSERT INTO product (product_number, product_name, product_price, store_id, product_main_image, product_category_code, product_status, delivery_charge, product_quantity, reg_date) VALUES (10081, '민트 머그컵', 15750, 'store05@naver.com', 'product_life_2.PNG', '02', '01', 3000, 80, now());
INSERT INTO image (image_classification_code, image_classification_number, image_name) VALUES ('P', '10081', 'product_life_2_extra_1.png');
INSERT INTO image (image_classification_code, image_classification_number, image_name) VALUES ('P', '10081', 'product_life_2_extra_2.png');

INSERT INTO product (product_number, product_name, product_price, store_id, product_main_image, product_category_code, product_status, delivery_charge, product_quantity, reg_date) VALUES (10082, '시리얼볼 + 우드스푼 SET', 11700, 'store05@naver.com', 'product_life_3.PNG', '02', '01', 3000, 50, now());
INSERT INTO image (image_classification_code, image_classification_number, image_name) VALUES ('P', '10082', 'product_life_3_extra_1.png');
INSERT INTO image (image_classification_code, image_classification_number, image_name) VALUES ('P', '10082', 'product_life_3_extra_2.png');
INSERT INTO image (image_classification_code, image_classification_number, image_name) VALUES ('P', '10082', 'product_life_3_extra_3.png');

INSERT INTO product (product_number, product_name, product_price, store_id, product_main_image, product_category_code, product_status, delivery_charge, product_quantity, reg_date) VALUES (10083, '반려돌 키우기 돌멩이', 6900, 'store04@naver.com', 'product_interior_5.PNG', '05', '01', 3000, 90, now());
INSERT INTO image (image_classification_code, image_classification_number, image_name) VALUES ('P', '10083', 'product_interior_5_extra_1.png');

/* live */
INSERT INTO live (store_id, room_id, live_title, live_intro, live_image, live_status, chatting_status) VALUES ('admin@naver.com', 'WNJOYtULLN-qPbfm8l9nO-20220610231056', 'live_title 01', 'live_intro 01', 'live_image 01', 0, 0);
INSERT INTO live (store_id, room_id, live_title, live_intro, live_image, live_status, chatting_status) VALUES ('store01@naver.com', 'hQcjeGhzpA-pFgyFa8lUs-20220613152322', 'live_title 02', 'live_intro 02', 'live_image 02', 0, 0);
INSERT INTO live (store_id, room_id, live_title, live_intro, live_image, live_status, chatting_status) VALUES ('store02@naver.com', 'WNJOYtULLN-qPbfm8l9nO-20220610231056', 'live_title 03', 'live_intro 03', 'live_image 03', 0, 0);
INSERT INTO live (store_id, room_id, live_title, live_intro, live_image, live_status, chatting_status) VALUES ('store03@naver.com', 'QrDhLBOccs-eBz3A1wC62-20220613171809', 'live_title 04', 'live_intro 04', 'live_image 04', 0, 0);

INSERT INTO live_reservation (store_id, reservation_date, title, reservation_time) VALUES ('admin@naver.com', '2022-06-09', null, 1);
INSERT INTO live_reservation (store_id, reservation_date, title, reservation_time) VALUES ('store01@naver.com', '2022-06-09', null, 2);
INSERT INTO live_reservation (store_id, reservation_date, title, reservation_time) VALUES ('store01@naver.com', '2022-06-10', null, 2);
INSERT INTO live_reservation (store_id, reservation_date, title, reservation_time) VALUES ('store02@naver.com', '2022-06-09', null, 3);
INSERT INTO live_reservation (store_id, reservation_date, title, reservation_time) VALUES ('store02@naver.com', '2022-06-10', null, 3);
INSERT INTO live_reservation (store_id, reservation_date, title, reservation_time) VALUES ('store03@naver.com', '2022-06-09', null, 4);
INSERT INTO live_reservation (store_id, reservation_date, title, reservation_time) VALUES ('store03@naver.com', '2022-06-10', null, 4);
INSERT INTO live_reservation (store_id, reservation_date, title, reservation_time) VALUES ('store03@naver.com', '2022-06-11', null, 4);
INSERT INTO live_reservation (store_id, reservation_date, title, reservation_time) VALUES ('store04@naver.com', '2022-07-04', null, 2);


INSERT INTO live_product (live_number, live_reservation_number, product_number, product_main_image, product_name, product_detail, product_price) VALUES (10001, 10001, 10011, 'product_main_image 01', '아디다스 티셔츠 한정판', 'product_detail 02', 12000);
INSERT INTO live_product (live_number, live_reservation_number, product_number, product_main_image, product_name, product_detail, product_price) VALUES (10001, 10001, 10012, 'product_main_image 02', '감성 무드등', 'product_detail 02', 30000);
INSERT INTO live_product (live_number, live_reservation_number, product_number, product_main_image, product_name, product_detail, product_price) VALUES (10001, 10001, 10013, 'product_main_image 03', '순면 100% 턱받침', 'product_detail 02', 15300);
INSERT INTO live_product (live_number, live_reservation_number, product_number, product_main_image, product_name, product_detail, product_price) VALUES (10002, 10002, 10005, 'product_main_image 04', '식빵 쿠키커터 스마일식빵 쿠키틀', 'product_detail 02', 7000);
INSERT INTO live_product (live_number, live_reservation_number, product_number, product_main_image, product_name, product_detail, product_price) VALUES (10002, 10002, 10006, 'product_main_image 05', '진정밤 멀티밤 트러블에 정말 좋아요~', 'product_detail 02', 10000);
INSERT INTO live_product (live_number, live_reservation_number, product_number, product_main_image, product_name, product_detail, product_price) VALUES (10002, 10002, 10007, 'product_main_image 06', '성분: 라벤더', 'product_detail 02', 6000);
INSERT INTO live_product (live_number, live_reservation_number, product_number, product_main_image, product_name, product_detail, product_price) VALUES (10003, 10003, 10000, 'product_main_image 07', '수제청 딸기청 패션후르츠 결혼식 답례품 생일선물', 'product_detail 02', 5000);
INSERT INTO live_product (live_number, live_reservation_number, product_number, product_main_image, product_name, product_detail, product_price) VALUES (10003, 10003, 10001, 'product_main_image 08', '종류: 딸기청best / 용량: 250ml', 'product_detail 02', 6000);
INSERT INTO live_product (live_number, live_reservation_number, product_number, product_main_image, product_name, product_detail, product_price) VALUES (10003, 10003, 10003, 'product_main_image 09', '종류: 오렌지청best / 용량: 250ml', 'product_detail 02', 6000);
INSERT INTO live_product (live_number, live_reservation_number, product_number, product_main_image, product_name, product_detail, product_price) VALUES (10003, 10003, 10015, 'product_main_image 10', '프랑스에서 만든 마카롱 10개 세트', 'product_detail 02', 20000);

INSERT INTO live_chat (live_number, writer, chatting_message, send_date) VALUES (10001, 'user01@naver.com', 'user01의 message 01', NOW());
INSERT INTO live_chat (live_number, writer, chatting_message, send_date) VALUES (10001, 'user01@naver.com', 'user01의 message 02', NOW());
INSERT INTO live_chat (live_number, writer, chatting_message, send_date) VALUES (10002, 'user02@naver.com', 'user02의 message 01', NOW());
INSERT INTO live_chat (live_number, writer, chatting_message, send_date) VALUES (10002, 'user02@naver.com', 'user02의 message 02', NOW());
INSERT INTO live_chat (live_number, writer, chatting_message, send_date) VALUES (10003, 'user03@naver.com', 'user03의 message 01', NOW());
INSERT INTO live_chat (live_number, writer, chatting_message, send_date) VALUES (10003, 'user03@naver.com', 'user03의 message 02', NOW());




/* customer */
INSERT INTO customer(customer_board_title, customer_board_content, reg_date, update_date, customer_FAQ_category_code, customer_board_type, customer_id)
VALUES('TITLE 1', 'CONTNET 1', now(), NULL, 1, 'N', 'admin@naver.com');
INSERT INTO customer(customer_board_title, customer_board_content, reg_date, update_date, customer_FAQ_category_code, customer_board_type, customer_id)
VALUES('TITLE 2', 'CONTNET 2', now(), NULL, 2, 'N', 'admin@naver.com');
INSERT INTO customer(customer_board_title, customer_board_content, reg_date, update_date, customer_FAQ_category_code, customer_board_type, customer_id)
VALUES('TITLE 3', 'CONTNET 3', now(), NULL, 3, 'F', 'admin@naver.com');
INSERT INTO customer(customer_board_title, customer_board_content, reg_date, update_date, customer_FAQ_category_code, customer_board_type, customer_id)
VALUES('TITLE 4', 'CONTNET 4', now(), NULL, 4, 'R', 'admin@naver.com');
INSERT INTO customer(customer_board_title, customer_board_content, reg_date, update_date, customer_FAQ_category_code, customer_board_type, customer_id)
VALUES('TITLE 5', 'CONTNET 5', now(), now(), 3, 'N', 'admin@naver.com');
INSERT INTO customer(customer_board_title, customer_board_content, reg_date, update_date, customer_FAQ_category_code, customer_board_type, customer_id)
VALUES('TITLE 6', 'CONTNET 6', now(), NULL, 2, 'N', 'admin@naver.com');
INSERT INTO customer(customer_board_title, customer_board_content, reg_date, update_date, customer_FAQ_category_code, customer_board_type, customer_id)
VALUES('TITLE 7', 'CONTNET 7', now(), now(), 1, 'N', 'admin@naver.com');
INSERT INTO customer(customer_board_title, customer_board_content, reg_date, update_date, customer_FAQ_category_code, customer_board_type, customer_id)
VALUES('TITLE 8', 'CONTNET 8', now(), NULL, 4, 'N', 'admin@naver.com');


UPDATE customer SET customer_board_type='N', customer_board_title="TITLE 22", customer_board_title="CONTENT 22", update_date = now(), customer_id = "admin@naver.com"
 WHERE customer_board_number = 10;
UPDATE customer SET customer_board_type='F', customer_board_title="TITLE 33", customer_board_title="CONTENT 33", update_date = now(), customer_id = "admin@naver.com"
 WHERE customer_board_number = 5;
UPDATE customer SET customer_board_type='R', customer_board_title="TITLE 44", customer_board_title="CONTENT 44", update_date = now(), customer_id = "admin@naver.com"
 WHERE customer_board_number = 6;
UPDATE customer SET customer_board_type='L', customer_board_title="TITLE 55", customer_board_title="CONTENT 55", update_date = now(), customer_id = "admin@naver.com"
 WHERE customer_board_number = 7;


INSERT INTO `order` (order_number, buyer_id, receiver_name, receiver_phone, receiver_address1, receiver_address2, receiver_address3, order_date, order_status, delivery_charge, using_point, imp_uid)
VALUES (10001, 'user01@naver.com', 'receiverName 01', '010-3937-9322', '경기도 고양시', '손석구 이치동', '3153143', NOW(), '주문접수', 0, 2000, 'imp_uid 01');
INSERT INTO `order` (order_number, buyer_id, receiver_name, receiver_phone, receiver_address1, receiver_address2, receiver_address3, order_date, order_status, delivery_charge, using_point, imp_uid)
VALUES (10002, 'user01@naver.com', 'receiverName 02', '010-3937-9322', '경기도 고양시', '손석구 이치동', '3153143', NOW(), '주문접수', 0, 2000, 'imp_uid 02');
INSERT INTO `order` (order_number, buyer_id, receiver_name, receiver_phone, receiver_address1, receiver_address2, receiver_address3, order_date, order_status, delivery_charge, using_point, imp_uid)
VALUES (10003, 'user01@naver.com', 'receiverName 03', '010-3937-9322', '경기도 고양시', '손석구 이치동', '3153143', NOW(), '주문접수', 0, 2000, 'imp_uid 03');
INSERT INTO `order` (order_number, buyer_id, receiver_name, receiver_phone, receiver_address1, receiver_address2, receiver_address3, order_date, order_status, delivery_charge, using_point, imp_uid)
VALUES (10004, 'user01@naver.com', 'receiverName 04', '010-3937-9322', '경기도 고양시', '손석구 이치동', '3153143', NOW(), '주문접수', 0, 2000, 'imp_uid 04');
INSERT INTO `order` (order_number, buyer_id, receiver_name, receiver_phone, receiver_address1, receiver_address2, receiver_address3, order_date, order_status, delivery_charge, using_point, imp_uid)
VALUES (10005, 'user01@naver.com', 'receiverName 05', '010-3937-9322', '경기도 고양시', '손석구 이치동', '3153143', NOW(), '주문접수', 0, 2000, 'imp_uid 05');
INSERT INTO `order` (order_number, buyer_id, receiver_name, receiver_phone, receiver_address1, receiver_address2, receiver_address3, order_date, order_status, delivery_charge, using_point, imp_uid)
VALUES (10006, 'user01@naver.com', 'receiverName 06', '010-3937-9322', '경기도 고양시', '손석구 이치동', '3153143', NOW(), '주문접수', 0, 2000, 'imp_uid 06');
INSERT INTO `order` (order_number, buyer_id, receiver_name, receiver_phone, receiver_address1, receiver_address2, receiver_address3, order_date, order_status, delivery_charge, using_point, imp_uid)
VALUES (10007, 'user01@naver.com', 'receiverName 07', '010-3937-9322', '경기도 고양시', '손석구 이치동', '3153143', NOW(), '주문접수', 0, 2000, 'imp_uid 07');
INSERT INTO `order` (order_number, buyer_id, receiver_name, receiver_phone, receiver_address1, receiver_address2, receiver_address3, order_date, order_status, delivery_charge, using_point, imp_uid)
VALUES (10008, 'user01@naver.com', 'receiverName 08', '010-3937-9322', '경기도 고양시', '손석구 이치동', '3153143', NOW(), '주문접수', 0, 2000, 'imp_uid 08');
INSERT INTO `order` (order_number, buyer_id, receiver_name, receiver_phone, receiver_address1, receiver_address2, receiver_address3, order_date, order_status, delivery_charge, using_point, imp_uid)
VALUES (10009, 'user01@naver.com', 'receiverName 09', '010-3937-9322', '경기도 고양시', '손석구 이치동', '3153143', NOW(), '주문접수', 0, 2000, 'imp_uid 09');
INSERT INTO `order` (order_number, buyer_id, receiver_name, receiver_phone, receiver_address1, receiver_address2, receiver_address3, order_date, order_status, delivery_charge, using_point, imp_uid)
VALUES (10100, 'user01@naver.com', 'receiverName 10', '010-3937-9322', '경기도 고양시', '손석구 이치동', '3153143', NOW(), '주문접수', 0, 2000, 'imp_uid 10');
INSERT INTO `order` (order_number, buyer_id, receiver_name, receiver_phone, receiver_address1, receiver_address2, receiver_address3, order_date, order_status, delivery_charge, using_point, imp_uid)
VALUES (10101, 'user01@naver.com', 'receiverName 11', '010-3937-9322', '경기도 고양시', '손석구 이치동', '3153143', NOW(), '주문접수', 0, 2000, 'imp_uid 11');
INSERT INTO `order` (order_number, buyer_id, receiver_name, receiver_phone, receiver_address1, receiver_address2, receiver_address3, order_date, order_status, delivery_charge, using_point, imp_uid)
VALUES (10102, 'user01@naver.com', 'receiverName 12', '010-3937-9322', '경기도 고양시', '손석구 이치동', '3153143', NOW(), '주문접수', 0, 2000, 'imp_uid 12');
INSERT INTO `order` (order_number, buyer_id, receiver_name, receiver_phone, receiver_address1, receiver_address2, receiver_address3, order_date, order_status, delivery_charge, using_point, imp_uid)
VALUES (10103, 'user01@naver.com', 'receiverName 13', '010-3937-9322', '경기도 고양시', '손석구 이치동', '3153143', NOW(), '주문접수', 0, 2000, 'imp_uid 13');
INSERT INTO `order` (order_number, buyer_id, receiver_name, receiver_phone, receiver_address1, receiver_address2, receiver_address3, order_date, order_status, delivery_charge, using_point, imp_uid)
VALUES (10104, 'user01@naver.com', 'receiverName 14', '010-3937-9322', '경기도 고양시', '손석구 이치동', '3153143', NOW(), '주문접수', 0, 2000, 'imp_uid 14');
INSERT INTO `order` (order_number, buyer_id, receiver_name, receiver_phone, receiver_address1, receiver_address2, receiver_address3, order_date, order_status, delivery_charge, using_point, imp_uid)
VALUES (10105, 'user01@naver.com', 'receiverName 15', '010-3937-9322', '경기도 고양시', '손석구 이치동', '3153143', NOW(), '주문접수', 0, 2000, 'imp_uid 15');
INSERT INTO `order` (order_number, buyer_id, receiver_name, receiver_phone, receiver_address1, receiver_address2, receiver_address3, order_date, order_status, delivery_charge, using_point, imp_uid)
VALUES (10106, 'user01@naver.com', 'receiverName 16', '010-3937-9322', '경기도 고양시', '손석구 이치동', '3153143', NOW(), '주문접수', 0, 2000, 'imp_uid 16');
INSERT INTO `order` (order_number, buyer_id, receiver_name, receiver_phone, receiver_address1, receiver_address2, receiver_address3, order_date, order_status, delivery_charge, using_point, imp_uid)
VALUES (10107, 'user01@naver.com', 'receiverName 17', '010-3937-9322', '경기도 고양시', '손석구 이치동', '3153143', NOW(), '주문접수', 0, 2000, 'imp_uid 17');
INSERT INTO `order` (order_number, buyer_id, receiver_name, receiver_phone, receiver_address1, receiver_address2, receiver_address3, order_date, order_status, delivery_charge, using_point, imp_uid)
VALUES (10108, 'user01@naver.com', 'receiverName 18', '010-3937-9322', '경기도 고양시', '손석구 이치동', '3153143', NOW(), '주문접수', 0, 2000, 'imp_uid 18');
INSERT INTO `order` (order_number, buyer_id, receiver_name, receiver_phone, receiver_address1, receiver_address2, receiver_address3, order_date, order_status, delivery_charge, using_point, imp_uid)
VALUES (10109, 'user01@naver.com', 'receiverName 19', '010-3937-9322', '경기도 고양시', '손석구 이치동', '3153143', NOW(), '주문접수', 0, 2000, 'imp_uid 19');
INSERT INTO `order` (order_number, buyer_id, receiver_name, receiver_phone, receiver_address1, receiver_address2, receiver_address3, order_date, order_status, delivery_charge, using_point, imp_uid)
VALUES (10200, 'user01@naver.com', 'receiverName 20', '010-3937-9322', '경기도 고양시', '손석구 이치동', '3153143', NOW(), '주문접수', 0, 2000, 'imp_uid 20');


INSERT INTO `order` (order_number, buyer_id, receiver_name, receiver_phone, receiver_address1, receiver_address2, receiver_address3, order_date, order_status, delivery_charge, using_point, imp_uid) VALUES (10301, 'user02@naver.com', '김옥자', '0112352211', '경기도경기구손석구', '작전동 ', '23453', NOW(), '주문접수', 0, 200, 'imp_uid 0143');
INSERT INTO `order` (order_number, buyer_id, receiver_name, receiver_phone, receiver_address1, receiver_address2, receiver_address3, order_date, order_status, delivery_charge, using_point, imp_uid) VALUES (10302, 'user02@naver.com', '김옥자', '0212352211', '경기도경기구손석구', '작전동 ', '23453', NOW(), '주문접수', 0, 200, 'imp_uid 0243');
INSERT INTO `order` (order_number, buyer_id, receiver_name, receiver_phone, receiver_address1, receiver_address2, receiver_address3, order_date, order_status, delivery_charge, using_point, imp_uid) VALUES (10303, 'user02@naver.com', '김옥자', '0312352211', '경기도경기구손석구', '작전동 ', '23453', NOW(), '주문접수', 0, 200, 'imp_uid 0343');
INSERT INTO `order` (order_number, buyer_id, receiver_name, receiver_phone, receiver_address1, receiver_address2, receiver_address3, order_date, order_status, delivery_charge, using_point, imp_uid) VALUES (10304, 'user02@naver.com', '김옥자', '0412352211', '경기도경기구손석구', '작전동 ', '23453', NOW(), '주문접수', 0, 200, 'imp_uid 0443');
INSERT INTO `order` (order_number, buyer_id, receiver_name, receiver_phone, receiver_address1, receiver_address2, receiver_address3, order_date, order_status, delivery_charge, using_point, imp_uid) VALUES (10305, 'user02@naver.com', '김옥자', '0512352211', '경기도경기구손석구', '작전동 ', '23453', NOW(), '주문접수', 0, 200, 'imp_uid 0543');
INSERT INTO `order` (order_number, buyer_id, receiver_name, receiver_phone, receiver_address1, receiver_address2, receiver_address3, order_date, order_status, delivery_charge, using_point, imp_uid) VALUES (10306, 'user02@naver.com', '김옥자', '0612352211', '경기도경기구손석구', '작전동 ', '23453', NOW(), '주문접수', 0, 200, 'imp_uid 0643');
INSERT INTO `order` (order_number, buyer_id, receiver_name, receiver_phone, receiver_address1, receiver_address2, receiver_address3, order_date, order_status, delivery_charge, using_point, imp_uid) VALUES (10307, 'user02@naver.com', '김옥자', '0712352211', '경기도경기구손석구', '작전동 ', '23453', NOW(), '주문접수', 0, 200, 'imp_uid 0743');
INSERT INTO `order` (order_number, buyer_id, receiver_name, receiver_phone, receiver_address1, receiver_address2, receiver_address3, order_date, order_status, delivery_charge, using_point, imp_uid) VALUES (10308, 'user02@naver.com', '김옥자', '0812352211', '경기도경기구손석구', '작전동 ', '23453', NOW(), '주문접수', 0, 200, 'imp_uid 0843');
INSERT INTO `order` (order_number, buyer_id, receiver_name, receiver_phone, receiver_address1, receiver_address2, receiver_address3, order_date, order_status, delivery_charge, using_point, imp_uid) VALUES (10309, 'user02@naver.com', '김옥자', '0912352211', '경기도경기구손석구', '작전동 ', '23453', NOW(), '주문접수', 0, 200, 'imp_uid 0943');
INSERT INTO `order` (order_number, buyer_id, receiver_name, receiver_phone, receiver_address1, receiver_address2, receiver_address3, order_date, order_status, delivery_charge, using_point, imp_uid) VALUES (10310, 'user02@naver.com', '김옥자', '1012352211', '경기도경기구손석구', '작전동 ', '23453', NOW(), '주문접수', 0, 200, 'imp_uid 1043');
INSERT INTO `order` (order_number, buyer_id, receiver_name, receiver_phone, receiver_address1, receiver_address2, receiver_address3, order_date, order_status, delivery_charge, using_point, imp_uid) VALUES (10311, 'user02@naver.com', '김옥자', '1112352211', '경기도경기구손석구', '작전동 ', '23453', NOW(), '주문접수', 0, 200, 'imp_uid 1143');
INSERT INTO `order` (order_number, buyer_id, receiver_name, receiver_phone, receiver_address1, receiver_address2, receiver_address3, order_date, order_status, delivery_charge, using_point, imp_uid) VALUES (10312, 'user02@naver.com', '김옥자', '1212352211', '경기도경기구손석구', '작전동 ', '23453', NOW(), '주문접수', 0, 200, 'imp_uid 1243');
INSERT INTO `order` (order_number, buyer_id, receiver_name, receiver_phone, receiver_address1, receiver_address2, receiver_address3, order_date, order_status, delivery_charge, using_point, imp_uid) VALUES (10313, 'user02@naver.com', '김옥자', '1312352211', '경기도경기구손석구', '작전동 ', '23453', NOW(), '주문접수', 0, 200, 'imp_uid 1343');
INSERT INTO `order` (order_number, buyer_id, receiver_name, receiver_phone, receiver_address1, receiver_address2, receiver_address3, order_date, order_status, delivery_charge, using_point, imp_uid) VALUES (10314, 'user02@naver.com', '김옥자', '1412352211', '경기도경기구손석구', '작전동 ', '23453', NOW(), '주문접수', 0, 200, 'imp_uid 1443');
INSERT INTO `order` (order_number, buyer_id, receiver_name, receiver_phone, receiver_address1, receiver_address2, receiver_address3, order_date, order_status, delivery_charge, using_point, imp_uid) VALUES (10315, 'user02@naver.com', '김옥자', '1512352211', '경기도경기구손석구', '작전동 ', '23453', NOW(), '주문접수', 0, 200, 'imp_uid 1543');
INSERT INTO `order` (order_number, buyer_id, receiver_name, receiver_phone, receiver_address1, receiver_address2, receiver_address3, order_date, order_status, delivery_charge, using_point, imp_uid) VALUES (10316, 'user02@naver.com', '김옥자', '1612352211', '경기도경기구손석구', '작전동 ', '23453', NOW(), '주문접수', 0, 200, 'imp_uid 1643');
INSERT INTO `order` (order_number, buyer_id, receiver_name, receiver_phone, receiver_address1, receiver_address2, receiver_address3, order_date, order_status, delivery_charge, using_point, imp_uid) VALUES (10317, 'user02@naver.com', '김옥자', '1712352211', '경기도경기구손석구', '작전동 ', '23453', NOW(), '주문접수', 0, 200, 'imp_uid 1743');
INSERT INTO `order` (order_number, buyer_id, receiver_name, receiver_phone, receiver_address1, receiver_address2, receiver_address3, order_date, order_status, delivery_charge, using_point, imp_uid) VALUES (10318, 'user02@naver.com', '김옥자', '1812352211', '경기도경기구손석구', '작전동 ', '23453', NOW(), '주문접수', 0, 200, 'imp_uid 1843');
INSERT INTO `order` (order_number, buyer_id, receiver_name, receiver_phone, receiver_address1, receiver_address2, receiver_address3, order_date, order_status, delivery_charge, using_point, imp_uid) VALUES (10319, 'user02@naver.com', '김옥자', '1912352211', '경기도경기구손석구', '작전동 ', '23453', NOW(), '주문접수', 0, 200, 'imp_uid 1943');
INSERT INTO `order` (order_number, buyer_id, receiver_name, receiver_phone, receiver_address1, receiver_address2, receiver_address3, order_date, order_status, delivery_charge, using_point, imp_uid) VALUES (10320, 'user02@naver.com', '김옥자', '2012352211', '경기도경기구손석구', '작전동 ', '23453', NOW(), '주문접수', 0, 200, 'imp_uid 2043');


INSERT INTO `order` (order_number, buyer_id, receiver_name, receiver_phone, receiver_address1, receiver_address2, receiver_address3, order_date, order_status, delivery_charge, using_point, imp_uid) VALUES (10331, 'user03@naver.com', '김옥정', '0112332211', '함경남도열기구손석구', '삼산동 ', '23453', NOW(), '주문접수', 0, 200, 'imp_uid 751');
INSERT INTO `order` (order_number, buyer_id, receiver_name, receiver_phone, receiver_address1, receiver_address2, receiver_address3, order_date, order_status, delivery_charge, using_point, imp_uid) VALUES (10332, 'user03@naver.com', '김옥정', '0212332211', '함경남도열기구손석구', '삼산동 ', '23453', NOW(), '주문접수', 0, 200, 'imp_uid 752');
INSERT INTO `order` (order_number, buyer_id, receiver_name, receiver_phone, receiver_address1, receiver_address2, receiver_address3, order_date, order_status, delivery_charge, using_point, imp_uid) VALUES (10333, 'user03@naver.com', '김옥정', '0312332211', '함경남도열기구손석구', '삼산동 ', '23453', NOW(), '주문접수', 0, 200, 'imp_uid 753');
INSERT INTO `order` (order_number, buyer_id, receiver_name, receiver_phone, receiver_address1, receiver_address2, receiver_address3, order_date, order_status, delivery_charge, using_point, imp_uid) VALUES (10334, 'user03@naver.com', '김옥정', '0412332211', '함경남도열기구손석구', '삼산동 ', '23453', NOW(), '주문접수', 0, 200, 'imp_uid 754');
INSERT INTO `order` (order_number, buyer_id, receiver_name, receiver_phone, receiver_address1, receiver_address2, receiver_address3, order_date, order_status, delivery_charge, using_point, imp_uid) VALUES (10335, 'user03@naver.com', '김옥정', '0512332211', '함경남도열기구손석구', '삼산동 ', '23453', NOW(), '주문접수', 0, 200, 'imp_uid 755');
INSERT INTO `order` (order_number, buyer_id, receiver_name, receiver_phone, receiver_address1, receiver_address2, receiver_address3, order_date, order_status, delivery_charge, using_point, imp_uid) VALUES (10336, 'user03@naver.com', '김옥정', '0612332211', '함경남도열기구손석구', '삼산동 ', '23453', NOW(), '주문접수', 0, 200, 'imp_uid 756');
INSERT INTO `order` (order_number, buyer_id, receiver_name, receiver_phone, receiver_address1, receiver_address2, receiver_address3, order_date, order_status, delivery_charge, using_point, imp_uid) VALUES (10337, 'user03@naver.com', '김옥정', '0712332211', '함경남도열기구손석구', '삼산동 ', '23453', NOW(), '주문접수', 0, 200, 'imp_uid 757');
INSERT INTO `order` (order_number, buyer_id, receiver_name, receiver_phone, receiver_address1, receiver_address2, receiver_address3, order_date, order_status, delivery_charge, using_point, imp_uid) VALUES (10338, 'user03@naver.com', '김옥정', '0812332211', '함경남도열기구손석구', '삼산동 ', '23453', NOW(), '주문접수', 0, 200, 'imp_uid 758');
INSERT INTO `order` (order_number, buyer_id, receiver_name, receiver_phone, receiver_address1, receiver_address2, receiver_address3, order_date, order_status, delivery_charge, using_point, imp_uid) VALUES (10339, 'user03@naver.com', '김옥정', '0912332211', '함경남도열기구손석구', '삼산동 ', '23453', NOW(), '주문접수', 0, 200, 'imp_uid 759');
INSERT INTO `order` (order_number, buyer_id, receiver_name, receiver_phone, receiver_address1, receiver_address2, receiver_address3, order_date, order_status, delivery_charge, using_point, imp_uid) VALUES (10330, 'user03@naver.com', '김옥정', '1012332211', '함경남도열기구손석구', '삼산동 ', '23453', NOW(), '주문접수', 0, 200, 'imp_uid 750');
INSERT INTO `order` (order_number, buyer_id, receiver_name, receiver_phone, receiver_address1, receiver_address2, receiver_address3, order_date, order_status, delivery_charge, using_point, imp_uid) VALUES (10351, 'user03@naver.com', '김옥정', '1112332211', '함경남도열기구손석구', '삼산동 ', '23453', NOW(), '주문접수', 0, 200, 'imp_uid 751');
INSERT INTO `order` (order_number, buyer_id, receiver_name, receiver_phone, receiver_address1, receiver_address2, receiver_address3, order_date, order_status, delivery_charge, using_point, imp_uid) VALUES (10382, 'user03@naver.com', '김옥정', '1212332211', '함경남도열기구손석구', '삼산동 ', '23453', NOW(), '주문접수', 0, 200, 'imp_uid 752');
INSERT INTO `order` (order_number, buyer_id, receiver_name, receiver_phone, receiver_address1, receiver_address2, receiver_address3, order_date, order_status, delivery_charge, using_point, imp_uid) VALUES (10383, 'user03@naver.com', '김옥정', '1312332211', '함경남도열기구손석구', '삼산동 ', '23453', NOW(), '주문접수', 0, 200, 'imp_uid 753');
INSERT INTO `order` (order_number, buyer_id, receiver_name, receiver_phone, receiver_address1, receiver_address2, receiver_address3, order_date, order_status, delivery_charge, using_point, imp_uid) VALUES (10384, 'user03@naver.com', '김옥정', '1412332211', '함경남도열기구손석구', '삼산동 ', '23453', NOW(), '주문접수', 0, 200, 'imp_uid 754');
INSERT INTO `order` (order_number, buyer_id, receiver_name, receiver_phone, receiver_address1, receiver_address2, receiver_address3, order_date, order_status, delivery_charge, using_point, imp_uid) VALUES (10385, 'user03@naver.com', '김옥정', '1512332211', '함경남도열기구손석구', '삼산동 ', '23453', NOW(), '주문접수', 0, 200, 'imp_uid 755');
INSERT INTO `order` (order_number, buyer_id, receiver_name, receiver_phone, receiver_address1, receiver_address2, receiver_address3, order_date, order_status, delivery_charge, using_point, imp_uid) VALUES (10386, 'user03@naver.com', '김옥정', '1612332211', '함경남도열기구손석구', '삼산동 ', '23453', NOW(), '주문접수', 0, 200, 'imp_uid 756');
INSERT INTO `order` (order_number, buyer_id, receiver_name, receiver_phone, receiver_address1, receiver_address2, receiver_address3, order_date, order_status, delivery_charge, using_point, imp_uid) VALUES (10387, 'user03@naver.com', '김옥정', '1712332211', '함경남도열기구손석구', '삼산동 ', '23453', NOW(), '주문접수', 0, 200, 'imp_uid 757');
INSERT INTO `order` (order_number, buyer_id, receiver_name, receiver_phone, receiver_address1, receiver_address2, receiver_address3, order_date, order_status, delivery_charge, using_point, imp_uid) VALUES (10388, 'user03@naver.com', '김옥정', '1812332211', '함경남도열기구손석구', '삼산동 ', '23453', NOW(), '주문접수', 0, 200, 'imp_uid 758');
INSERT INTO `order` (order_number, buyer_id, receiver_name, receiver_phone, receiver_address1, receiver_address2, receiver_address3, order_date, order_status, delivery_charge, using_point, imp_uid) VALUES (10389, 'user03@naver.com', '김옥정', '1912332211', '함경남도열기구손석구', '삼산동 ', '23453', NOW(), '주문접수', 0, 200, 'imp_uid 759');
INSERT INTO `order` (order_number, buyer_id, receiver_name, receiver_phone, receiver_address1, receiver_address2, receiver_address3, order_date, order_status, delivery_charge, using_point, imp_uid) VALUES (10380, 'user03@naver.com', '김옥정', '2012332211', '함경남도열기구손석구', '삼산동 ', '23453', NOW(), '주문접수', 0, 200, 'imp_uid 750');






INSERT INTO `order` (order_number, buyer_id, receiver_name, receiver_phone, receiver_address1, receiver_address2, receiver_address3, order_date, order_status, delivery_charge, using_point, imp_uid) VALUES (22331, 'user02@naver.com', '김옥자', '0112352211', '경기도경기구손석구', '작전동 ', '23453', NOW(), '주문접수', 0, 200, 'imp_uid 33143');
INSERT INTO `order` (order_number, buyer_id, receiver_name, receiver_phone, receiver_address1, receiver_address2, receiver_address3, order_date, order_status, delivery_charge, using_point, imp_uid) VALUES (32332, 'user02@naver.com', '김옥자', '0212352211', '경기도경기구손석구', '작전동 ', '23453', NOW(), '주문접수', 0, 200, 'imp_uid 33243');
INSERT INTO `order` (order_number, buyer_id, receiver_name, receiver_phone, receiver_address1, receiver_address2, receiver_address3, order_date, order_status, delivery_charge, using_point, imp_uid) VALUES (42333, 'user02@naver.com', '김옥자', '0312352211', '경기도경기구손석구', '작전동 ', '23453', NOW(), '주문접수', 0, 200, 'imp_uid 33343');
INSERT INTO `order` (order_number, buyer_id, receiver_name, receiver_phone, receiver_address1, receiver_address2, receiver_address3, order_date, order_status, delivery_charge, using_point, imp_uid) VALUES (52334, 'user02@naver.com', '김옥자', '0412352211', '경기도경기구손석구', '작전동 ', '23453', NOW(), '주문접수', 0, 200, 'imp_uid 33443');
INSERT INTO `order` (order_number, buyer_id, receiver_name, receiver_phone, receiver_address1, receiver_address2, receiver_address3, order_date, order_status, delivery_charge, using_point, imp_uid) VALUES (62335, 'user02@naver.com', '김옥자', '0512352211', '경기도경기구손석구', '작전동 ', '23453', NOW(), '주문접수', 0, 200, 'imp_uid 33543');
INSERT INTO `order` (order_number, buyer_id, receiver_name, receiver_phone, receiver_address1, receiver_address2, receiver_address3, order_date, order_status, delivery_charge, using_point, imp_uid) VALUES (72336, 'user02@naver.com', '김옥자', '0612352211', '경기도경기구손석구', '작전동 ', '23453', NOW(), '주문접수', 0, 200, 'imp_uid 33643');
INSERT INTO `order` (order_number, buyer_id, receiver_name, receiver_phone, receiver_address1, receiver_address2, receiver_address3, order_date, order_status, delivery_charge, using_point, imp_uid) VALUES (82337, 'user02@naver.com', '김옥자', '0712352211', '경기도경기구손석구', '작전동 ', '23453', NOW(), '주문접수', 0, 200, 'imp_uid 33743');
INSERT INTO `order` (order_number, buyer_id, receiver_name, receiver_phone, receiver_address1, receiver_address2, receiver_address3, order_date, order_status, delivery_charge, using_point, imp_uid) VALUES (93338, 'user02@naver.com', '김옥자', '0812352211', '경기도경기구손석구', '작전동 ', '23453', NOW(), '주문접수', 0, 200, 'imp_uid 33843');
INSERT INTO `order` (order_number, buyer_id, receiver_name, receiver_phone, receiver_address1, receiver_address2, receiver_address3, order_date, order_status, delivery_charge, using_point, imp_uid) VALUES (34339, 'user02@naver.com', '김옥자', '0912352211', '경기도경기구손석구', '작전동 ', '23453', NOW(), '주문접수', 0, 200, 'imp_uid 33943');
INSERT INTO `order` (order_number, buyer_id, receiver_name, receiver_phone, receiver_address1, receiver_address2, receiver_address3, order_date, order_status, delivery_charge, using_point, imp_uid) VALUES (35310, 'user02@naver.com', '김옥자', '1012352211', '경기도경기구손석구', '작전동 ', '23453', NOW(), '주문접수', 0, 200, 'imp_uid 33043');
INSERT INTO `order` (order_number, buyer_id, receiver_name, receiver_phone, receiver_address1, receiver_address2, receiver_address3, order_date, order_status, delivery_charge, using_point, imp_uid) VALUES (36321, 'user02@naver.com', '김옥자', '1112352211', '경기도경기구손석구', '작전동 ', '23453', NOW(), '주문접수', 0, 200, 'imp_uid 33143');
INSERT INTO `order` (order_number, buyer_id, receiver_name, receiver_phone, receiver_address1, receiver_address2, receiver_address3, order_date, order_status, delivery_charge, using_point, imp_uid) VALUES (37332, 'user02@naver.com', '김옥자', '1212352211', '경기도경기구손석구', '작전동 ', '23453', NOW(), '주문접수', 0, 200, 'imp_uid 33243');
INSERT INTO `order` (order_number, buyer_id, receiver_name, receiver_phone, receiver_address1, receiver_address2, receiver_address3, order_date, order_status, delivery_charge, using_point, imp_uid) VALUES (38343, 'user02@naver.com', '김옥자', '1312352211', '경기도경기구손석구', '작전동 ', '23453', NOW(), '주문접수', 0, 200, 'imp_uid 33343');
INSERT INTO `order` (order_number, buyer_id, receiver_name, receiver_phone, receiver_address1, receiver_address2, receiver_address3, order_date, order_status, delivery_charge, using_point, imp_uid) VALUES (39354, 'user02@naver.com', '김옥자', '1412352211', '경기도경기구손석구', '작전동 ', '23453', NOW(), '주문접수', 0, 200, 'imp_uid 33443');
INSERT INTO `order` (order_number, buyer_id, receiver_name, receiver_phone, receiver_address1, receiver_address2, receiver_address3, order_date, order_status, delivery_charge, using_point, imp_uid) VALUES (33365, 'user02@naver.com', '김옥자', '1512352211', '경기도경기구손석구', '작전동 ', '23453', NOW(), '주문접수', 0, 200, 'imp_uid 33543');
INSERT INTO `order` (order_number, buyer_id, receiver_name, receiver_phone, receiver_address1, receiver_address2, receiver_address3, order_date, order_status, delivery_charge, using_point, imp_uid) VALUES (32376, 'user02@naver.com', '김옥자', '1612352211', '경기도경기구손석구', '작전동 ', '23453', NOW(), '주문접수', 0, 200, 'imp_uid 33643');
INSERT INTO `order` (order_number, buyer_id, receiver_name, receiver_phone, receiver_address1, receiver_address2, receiver_address3, order_date, order_status, delivery_charge, using_point, imp_uid) VALUES (33387, 'user02@naver.com', '김옥자', '1712352211', '경기도경기구손석구', '작전동 ', '23453', NOW(), '주문접수', 0, 200, 'imp_uid 33743');
INSERT INTO `order` (order_number, buyer_id, receiver_name, receiver_phone, receiver_address1, receiver_address2, receiver_address3, order_date, order_status, delivery_charge, using_point, imp_uid) VALUES (34298, 'user02@naver.com', '김옥자', '1812352211', '경기도경기구손석구', '작전동 ', '23453', NOW(), '주문접수', 0, 200, 'imp_uid 22843');
INSERT INTO `order` (order_number, buyer_id, receiver_name, receiver_phone, receiver_address1, receiver_address2, receiver_address3, order_date, order_status, delivery_charge, using_point, imp_uid) VALUES (35339, 'user02@naver.com', '김옥자', '1912352211', '경기도경기구손석구', '작전동 ', '23453', NOW(), '주문접수', 0, 200, 'imp_uid 33943');
INSERT INTO `order` (order_number, buyer_id, receiver_name, receiver_phone, receiver_address1, receiver_address2, receiver_address3, order_date, order_status, delivery_charge, using_point, imp_uid) VALUES (36430, 'user02@naver.com', '김옥자', '2012352211', '경기도경기구손석구', '작전동 ', '23453', NOW(), '주문접수', 0, 200, 'imp_uid 44043');
INSERT INTO `order` (order_number, buyer_id, receiver_name, receiver_phone, receiver_address1, receiver_address2, receiver_address3, order_date, order_status, delivery_charge, using_point, imp_uid) VALUES (37531, 'user03@naver.com', '김옥정', '0112332211', '함경남도열기구손석구', '삼산동 ', '23453', NOW(), '주문접수', 0, 200, 'imp_uid55751');
INSERT INTO `order` (order_number, buyer_id, receiver_name, receiver_phone, receiver_address1, receiver_address2, receiver_address3, order_date, order_status, delivery_charge, using_point, imp_uid) VALUES (38632, 'user03@naver.com', '김옥정', '0212332211', '함경남도열기구손석구', '삼산동 ', '23453', NOW(), '주문접수', 0, 200, 'imp_uid66752');
INSERT INTO `order` (order_number, buyer_id, receiver_name, receiver_phone, receiver_address1, receiver_address2, receiver_address3, order_date, order_status, delivery_charge, using_point, imp_uid) VALUES (39733, 'user03@naver.com', '김옥정', '0312332211', '함경남도열기구손석구', '삼산동 ', '23453', NOW(), '주문접수', 0, 200, 'imp_uid77753');
INSERT INTO `order` (order_number, buyer_id, receiver_name, receiver_phone, receiver_address1, receiver_address2, receiver_address3, order_date, order_status, delivery_charge, using_point, imp_uid) VALUES (33834, 'user03@naver.com', '김옥정', '0412332211', '함경남도열기구손석구', '삼산동 ', '23453', NOW(), '주문접수', 0, 200, 'imp_uid88754');
INSERT INTO `order` (order_number, buyer_id, receiver_name, receiver_phone, receiver_address1, receiver_address2, receiver_address3, order_date, order_status, delivery_charge, using_point, imp_uid) VALUES (33935, 'user04@naver.com', '김옥균', '0512332211', '함경남도열기구손석구', '삼산동 ', '23453', NOW(), '주문접수', 0, 200, 'imp_uid99755');
INSERT INTO `order` (order_number, buyer_id, receiver_name, receiver_phone, receiver_address1, receiver_address2, receiver_address3, order_date, order_status, delivery_charge, using_point, imp_uid) VALUES (32236, 'user04@naver.com', '김옥균', '0612332211', '함경남도열기구손석구', '삼산동 ', '23453', NOW(), '주문접수', 0, 200, 'imp_uid22756');
INSERT INTO `order` (order_number, buyer_id, receiver_name, receiver_phone, receiver_address1, receiver_address2, receiver_address3, order_date, order_status, delivery_charge, using_point, imp_uid) VALUES (33337, 'user04@naver.com', '김옥균', '0712332211', '함경남도열기구손석구', '삼산동 ', '23453', NOW(), '주문접수', 0, 200, 'imp_uid33757');
INSERT INTO `order` (order_number, buyer_id, receiver_name, receiver_phone, receiver_address1, receiver_address2, receiver_address3, order_date, order_status, delivery_charge, using_point, imp_uid) VALUES (34438, 'user04@naver.com', '김옥균', '0812332211', '함경남도열기구손석구', '삼산동 ', '23453', NOW(), '주문접수', 0, 200, 'imp_uid44758');
INSERT INTO `order` (order_number, buyer_id, receiver_name, receiver_phone, receiver_address1, receiver_address2, receiver_address3, order_date, order_status, delivery_charge, using_point, imp_uid) VALUES (35539, 'user04@naver.com', '김옥균', '0912332211', '함경남도열기구손석구', '삼산동 ', '23453', NOW(), '주문접수', 0, 200, 'imp_uid55759');
INSERT INTO `order` (order_number, buyer_id, receiver_name, receiver_phone, receiver_address1, receiver_address2, receiver_address3, order_date, order_status, delivery_charge, using_point, imp_uid) VALUES (36630, 'user04@naver.com', '김옥균', '1012332211', '함경남도열기구손석구', '삼산동 ', '23453', NOW(), '주문접수', 0, 200, 'imp_uid66750');
INSERT INTO `order` (order_number, buyer_id, receiver_name, receiver_phone, receiver_address1, receiver_address2, receiver_address3, order_date, order_status, delivery_charge, using_point, imp_uid) VALUES (37731, 'user04@naver.com', '김옥균', '1112332211', '함경남도열기구손석구', '삼산동 ', '23453', NOW(), '주문접수', 0, 200, 'imp_uid77751');
INSERT INTO `order` (order_number, buyer_id, receiver_name, receiver_phone, receiver_address1, receiver_address2, receiver_address3, order_date, order_status, delivery_charge, using_point, imp_uid) VALUES (38832, 'user04@naver.com', '김옥균', '1212332211', '함경남도열기구손석구', '삼산동 ', '23453', NOW(), '주문접수', 0, 200, 'imp_uid88752');
INSERT INTO `order` (order_number, buyer_id, receiver_name, receiver_phone, receiver_address1, receiver_address2, receiver_address3, order_date, order_status, delivery_charge, using_point, imp_uid) VALUES (39933, 'user04@naver.com', '김옥균', '1312332211', '함경남도열기구손석구', '삼산동 ', '23453', NOW(), '주문접수', 0, 200, 'imp_uid99753');
INSERT INTO `order` (order_number, buyer_id, receiver_name, receiver_phone, receiver_address1, receiver_address2, receiver_address3, order_date, order_status, delivery_charge, using_point, imp_uid) VALUES (33314, 'user04@naver.com', '김옥균', '1412332211', '함경남도열기구손석구', '삼산동 ', '23453', NOW(), '주문접수', 0, 200, 'imp_uid33754');
INSERT INTO `order` (order_number, buyer_id, receiver_name, receiver_phone, receiver_address1, receiver_address2, receiver_address3, order_date, order_status, delivery_charge, using_point, imp_uid) VALUES (33325, 'user04@naver.com', '김옥균', '1512332211', '함경남도열기구손석구', '삼산동 ', '23453', NOW(), '주문접수', 0, 200, 'imp_uid33755');
INSERT INTO `order` (order_number, buyer_id, receiver_name, receiver_phone, receiver_address1, receiver_address2, receiver_address3, order_date, order_status, delivery_charge, using_point, imp_uid) VALUES (33336, 'user04@naver.com', '김옥균', '1612332211', '함경남도열기구손석구', '삼산동 ', '23453', NOW(), '주문접수', 0, 200, 'imp_uid33756');
INSERT INTO `order` (order_number, buyer_id, receiver_name, receiver_phone, receiver_address1, receiver_address2, receiver_address3, order_date, order_status, delivery_charge, using_point, imp_uid) VALUES (33347, 'user04@naver.com', '김옥균', '1712332211', '함경남도열기구손석구', '삼산동 ', '23453', NOW(), '주문접수', 0, 200, 'imp_uid33757');
INSERT INTO `order` (order_number, buyer_id, receiver_name, receiver_phone, receiver_address1, receiver_address2, receiver_address3, order_date, order_status, delivery_charge, using_point, imp_uid) VALUES (13358, 'user04@naver.com', '김옥균', '1812332211', '함경남도열기구손석구', '삼산동 ', '23453', NOW(), '주문접수', 0, 200, 'imp_uid33758');
INSERT INTO `order` (order_number, buyer_id, receiver_name, receiver_phone, receiver_address1, receiver_address2, receiver_address3, order_date, order_status, delivery_charge, using_point, imp_uid) VALUES (23369, 'user04@naver.com', '김옥균', '1912332211', '함경남도열기구손석구', '삼산동 ', '23453', NOW(), '주문접수', 0, 200, 'imp_uid33759');
INSERT INTO `order` (order_number, buyer_id, receiver_name, receiver_phone, receiver_address1, receiver_address2, receiver_address3, order_date, order_status, delivery_charge, using_point, imp_uid) VALUES (33370, 'user04@naver.com', '김옥균', '2012332211', '함경남도열기구손석구', '삼산동 ', '23453', NOW(), '주문접수', 0, 200, 'imp_uid33750');
INSERT INTO `order` (order_number, buyer_id, receiver_name, receiver_phone, receiver_address1, receiver_address2, receiver_address3, order_date, order_status, delivery_charge, using_point, imp_uid) VALUES (43381, 'user04@naver.com', '김옥균', '0112352211', '경기도경기구손석구', '작전동 ', '23453', NOW(), '주문접수', 0, 200, 'imp_uid 33143');
INSERT INTO `order` (order_number, buyer_id, receiver_name, receiver_phone, receiver_address1, receiver_address2, receiver_address3, order_date, order_status, delivery_charge, using_point, imp_uid) VALUES (53392, 'user04@naver.com', '김옥균', '0212352211', '경기도경기구손석구', '작전동 ', '23453', NOW(), '주문접수', 0, 200, 'imp_uid 33243');
INSERT INTO `order` (order_number, buyer_id, receiver_name, receiver_phone, receiver_address1, receiver_address2, receiver_address3, order_date, order_status, delivery_charge, using_point, imp_uid) VALUES (63333, 'user04@naver.com', '김옥균', '0312352211', '경기도경기구손석구', '작전동 ', '23453', NOW(), '주문접수', 0, 200, 'imp_uid 33343');
INSERT INTO `order` (order_number, buyer_id, receiver_name, receiver_phone, receiver_address1, receiver_address2, receiver_address3, order_date, order_status, delivery_charge, using_point, imp_uid) VALUES (73334, 'user04@naver.com', '김옥균', '0412352211', '경기도경기구손석구', '작전동 ', '23453', NOW(), '주문접수', 0, 200, 'imp_uid 33443');
INSERT INTO `order` (order_number, buyer_id, receiver_name, receiver_phone, receiver_address1, receiver_address2, receiver_address3, order_date, order_status, delivery_charge, using_point, imp_uid) VALUES (83335, 'user04@naver.com', '김옥균', '0512352211', '경기도경기구손석구', '작전동 ', '23453', NOW(), '주문접수', 0, 200, 'imp_uid 33543');
INSERT INTO `order` (order_number, buyer_id, receiver_name, receiver_phone, receiver_address1, receiver_address2, receiver_address3, order_date, order_status, delivery_charge, using_point, imp_uid) VALUES (93236, 'user04@naver.com', '김옥균', '0612352211', '경기도경기구손석구', '작전동 ', '23453', NOW(), '주문접수', 0, 200, 'imp_uid 22643');
INSERT INTO `order` (order_number, buyer_id, receiver_name, receiver_phone, receiver_address1, receiver_address2, receiver_address3, order_date, order_status, delivery_charge, using_point, imp_uid) VALUES (53337, 'user02@naver.com', '김옥자', '0712352211', '경기도경기구손석구', '작전동 ', '23453', NOW(), '주문접수', 0, 200, 'imp_uid 33743');
INSERT INTO `order` (order_number, buyer_id, receiver_name, receiver_phone, receiver_address1, receiver_address2, receiver_address3, order_date, order_status, delivery_charge, using_point, imp_uid) VALUES (63438, 'user02@naver.com', '김옥자', '0812352211', '경기도경기구손석구', '작전동 ', '23453', NOW(), '주문접수', 0, 200, 'imp_uid 44843');
INSERT INTO `order` (order_number, buyer_id, receiver_name, receiver_phone, receiver_address1, receiver_address2, receiver_address3, order_date, order_status, delivery_charge, using_point, imp_uid) VALUES (73539, 'user02@naver.com', '김옥자', '0912352211', '경기도경기구손석구', '작전동 ', '23453', NOW(), '주문접수', 0, 200, 'imp_uid 55943');
INSERT INTO `order` (order_number, buyer_id, receiver_name, receiver_phone, receiver_address1, receiver_address2, receiver_address3, order_date, order_status, delivery_charge, using_point, imp_uid) VALUES (83630, 'user02@naver.com', '김옥자', '1012352211', '경기도경기구손석구', '작전동 ', '23453', NOW(), '주문접수', 0, 200, 'imp_uid 66043');
INSERT INTO `order` (order_number, buyer_id, receiver_name, receiver_phone, receiver_address1, receiver_address2, receiver_address3, order_date, order_status, delivery_charge, using_point, imp_uid) VALUES (93731, 'user02@naver.com', '김옥자', '1112352211', '경기도경기구손석구', '작전동 ', '23453', NOW(), '주문접수', 0, 200, 'imp_uid 77143');
INSERT INTO `order` (order_number, buyer_id, receiver_name, receiver_phone, receiver_address1, receiver_address2, receiver_address3, order_date, order_status, delivery_charge, using_point, imp_uid) VALUES (33832, 'user02@naver.com', '김옥자', '1212352211', '경기도경기구손석구', '작전동 ', '23453', NOW(), '주문접수', 0, 200, 'imp_uid 88243');
INSERT INTO `order` (order_number, buyer_id, receiver_name, receiver_phone, receiver_address1, receiver_address2, receiver_address3, order_date, order_status, delivery_charge, using_point, imp_uid) VALUES (32933, 'user02@naver.com', '김옥자', '1312352211', '경기도경기구손석구', '작전동 ', '23453', NOW(), '주문접수', 0, 200, 'imp_uid 99343');
INSERT INTO `order` (order_number, buyer_id, receiver_name, receiver_phone, receiver_address1, receiver_address2, receiver_address3, order_date, order_status, delivery_charge, using_point, imp_uid) VALUES (82334, 'user02@naver.com', '김옥자', '1412352211', '경기도경기구손석구', '작전동 ', '23453', NOW(), '주문접수', 0, 200, 'imp_uid 33443');
INSERT INTO `order` (order_number, buyer_id, receiver_name, receiver_phone, receiver_address1, receiver_address2, receiver_address3, order_date, order_status, delivery_charge, using_point, imp_uid) VALUES (92335, 'user02@naver.com', '김옥자', '1512352211', '경기도경기구손석구', '작전동 ', '23453', NOW(), '주문접수', 0, 200, 'imp_uid 33543');
INSERT INTO `order` (order_number, buyer_id, receiver_name, receiver_phone, receiver_address1, receiver_address2, receiver_address3, order_date, order_status, delivery_charge, using_point, imp_uid) VALUES (12336, 'user02@naver.com', '김옥자', '1612352211', '경기도경기구손석구', '작전동 ', '23453', NOW(), '주문접수', 0, 200, 'imp_uid 33643');
INSERT INTO `order` (order_number, buyer_id, receiver_name, receiver_phone, receiver_address1, receiver_address2, receiver_address3, order_date, order_status, delivery_charge, using_point, imp_uid) VALUES (12337, 'user02@naver.com', '김옥자', '1712352211', '경기도경기구손석구', '작전동 ', '23453', NOW(), '주문접수', 0, 200, 'imp_uid 33743');
INSERT INTO `order` (order_number, buyer_id, receiver_name, receiver_phone, receiver_address1, receiver_address2, receiver_address3, order_date, order_status, delivery_charge, using_point, imp_uid) VALUES (11338, 'user02@naver.com', '김옥자', '1812352211', '경기도경기구손석구', '작전동 ', '23453', NOW(), '주문접수', 0, 200, 'imp_uid 33843');
INSERT INTO `order` (order_number, buyer_id, receiver_name, receiver_phone, receiver_address1, receiver_address2, receiver_address3, order_date, order_status, delivery_charge, using_point, imp_uid) VALUES (92339, 'user02@naver.com', '김옥자', '1912352211', '경기도경기구손석구', '작전동 ', '23453', NOW(), '주문접수', 0, 200, 'imp_uid 33943');
INSERT INTO `order` (order_number, buyer_id, receiver_name, receiver_phone, receiver_address1, receiver_address2, receiver_address3, order_date, order_status, delivery_charge, using_point, imp_uid) VALUES (93330, 'user02@naver.com', '김옥자', '2012352211', '경기도경기구손석구', '작전동 ', '23453', NOW(), '주문접수', 0, 200, 'imp_uid 33043');
INSERT INTO `order` (order_number, buyer_id, receiver_name, receiver_phone, receiver_address1, receiver_address2, receiver_address3, order_date, order_status, delivery_charge, using_point, imp_uid) VALUES (94331, 'user03@naver.com', '김옥정', '0112332211', '함경남도열기구손석구', '삼산동 ', '23453', NOW(), '주문접수', 0, 200, 'imp_uid33751');
INSERT INTO `order` (order_number, buyer_id, receiver_name, receiver_phone, receiver_address1, receiver_address2, receiver_address3, order_date, order_status, delivery_charge, using_point, imp_uid) VALUES (95332, 'user03@naver.com', '김옥정', '0212332211', '함경남도열기구손석구', '삼산동 ', '23453', NOW(), '주문접수', 0, 200, 'imp_uid33752');
INSERT INTO `order` (order_number, buyer_id, receiver_name, receiver_phone, receiver_address1, receiver_address2, receiver_address3, order_date, order_status, delivery_charge, using_point, imp_uid) VALUES (96333, 'user03@naver.com', '김옥정', '0312332211', '함경남도열기구손석구', '삼산동 ', '23453', NOW(), '주문접수', 0, 200, 'imp_uid33753');
INSERT INTO `order` (order_number, buyer_id, receiver_name, receiver_phone, receiver_address1, receiver_address2, receiver_address3, order_date, order_status, delivery_charge, using_point, imp_uid) VALUES (97433, 'user03@naver.com', '김옥정', '0412332211', '함경남도열기구손석구', '삼산동 ', '23453', NOW(), '주문접수', 0, 200, 'imp_uid44754');
INSERT INTO `order` (order_number, buyer_id, receiver_name, receiver_phone, receiver_address1, receiver_address2, receiver_address3, order_date, order_status, delivery_charge, using_point, imp_uid) VALUES (98533, 'user03@naver.com', '김옥정', '0512332211', '함경남도열기구손석구', '삼산동 ', '23453', NOW(), '주문접수', 0, 200, 'imp_uid55755');
INSERT INTO `order` (order_number, buyer_id, receiver_name, receiver_phone, receiver_address1, receiver_address2, receiver_address3, order_date, order_status, delivery_charge, using_point, imp_uid) VALUES (99331, 'user03@naver.com', '김옥정', '0612332211', '함경남도열기구손석구', '삼산동 ', '23453', NOW(), '주문접수', 0, 200, 'imp_uid33756');
INSERT INTO `order` (order_number, buyer_id, receiver_name, receiver_phone, receiver_address1, receiver_address2, receiver_address3, order_date, order_status, delivery_charge, using_point, imp_uid) VALUES (92332, 'user03@naver.com', '김옥정', '0712332211', '함경남도열기구손석구', '삼산동 ', '23453', NOW(), '주문접수', 0, 200, 'imp_uid33757');
INSERT INTO `order` (order_number, buyer_id, receiver_name, receiver_phone, receiver_address1, receiver_address2, receiver_address3, order_date, order_status, delivery_charge, using_point, imp_uid) VALUES (92331, 'user03@naver.com', '김옥정', '0812332211', '함경남도열기구손석구', '삼산동 ', '23453', NOW(), '주문접수', 0, 200, 'imp_uid33758');
INSERT INTO `order` (order_number, buyer_id, receiver_name, receiver_phone, receiver_address1, receiver_address2, receiver_address3, order_date, order_status, delivery_charge, using_point, imp_uid) VALUES (92132, 'user03@naver.com', '김옥정', '0912332211', '함경남도열기구손석구', '삼산동 ', '23453', NOW(), '주문접수', 0, 200, 'imp_uid11759');
INSERT INTO `order` (order_number, buyer_id, receiver_name, receiver_phone, receiver_address1, receiver_address2, receiver_address3, order_date, order_status, delivery_charge, using_point, imp_uid) VALUES (92233, 'user03@naver.com', '김옥정', '1012332211', '함경남도열기구손석구', '삼산동 ', '23453', NOW(), '주문접수', 0, 200, 'imp_uid22750');
INSERT INTO `order` (order_number, buyer_id, receiver_name, receiver_phone, receiver_address1, receiver_address2, receiver_address3, order_date, order_status, delivery_charge, using_point, imp_uid) VALUES (92134, 'user03@naver.com', '김옥정', '1112332211', '함경남도열기구손석구', '삼산동 ', '23453', NOW(), '주문접수', 0, 200, 'imp_uid11751');
INSERT INTO `order` (order_number, buyer_id, receiver_name, receiver_phone, receiver_address1, receiver_address2, receiver_address3, order_date, order_status, delivery_charge, using_point, imp_uid) VALUES (92232, 'user03@naver.com', '김옥정', '1212332211', '함경남도열기구손석구', '삼산동 ', '23453', NOW(), '주문접수', 0, 200, 'imp_uid22752');
INSERT INTO `order` (order_number, buyer_id, receiver_name, receiver_phone, receiver_address1, receiver_address2, receiver_address3, order_date, order_status, delivery_charge, using_point, imp_uid) VALUES (92333, 'user03@naver.com', '김옥정', '1312332211', '함경남도열기구손석구', '삼산동 ', '23453', NOW(), '주문접수', 0, 200, 'imp_uid33753');
INSERT INTO `order` (order_number, buyer_id, receiver_name, receiver_phone, receiver_address1, receiver_address2, receiver_address3, order_date, order_status, delivery_charge, using_point, imp_uid) VALUES (92434, 'user03@naver.com', '김옥정', '1412332211', '함경남도열기구손석구', '삼산동 ', '23453', NOW(), '주문접수', 0, 200, 'imp_uid44754');
INSERT INTO `order` (order_number, buyer_id, receiver_name, receiver_phone, receiver_address1, receiver_address2, receiver_address3, order_date, order_status, delivery_charge, using_point, imp_uid) VALUES (92375, 'user03@naver.com', '김옥정', '1512332211', '함경남도열기구손석구', '삼산동 ', '23453', NOW(), '주문접수', 0, 200, 'imp_uid33755');
INSERT INTO `order` (order_number, buyer_id, receiver_name, receiver_phone, receiver_address1, receiver_address2, receiver_address3, order_date, order_status, delivery_charge, using_point, imp_uid) VALUES (92336, 'user03@naver.com', '김옥정', '1612332211', '함경남도열기구손석구', '삼산동 ', '23453', NOW(), '주문접수', 0, 200, 'imp_uid33756');
INSERT INTO `order` (order_number, buyer_id, receiver_name, receiver_phone, receiver_address1, receiver_address2, receiver_address3, order_date, order_status, delivery_charge, using_point, imp_uid) VALUES (92337, 'user03@naver.com', '김옥정', '1712332211', '함경남도열기구손석구', '삼산동 ', '23453', NOW(), '주문접수', 0, 200, 'imp_uid33757');
INSERT INTO `order` (order_number, buyer_id, receiver_name, receiver_phone, receiver_address1, receiver_address2, receiver_address3, order_date, order_status, delivery_charge, using_point, imp_uid) VALUES (92338, 'user03@naver.com', '김옥정', '1812332211', '함경남도열기구손석구', '삼산동 ', '23453', NOW(), '주문접수', 0, 200, 'imp_uid33758');
INSERT INTO `order` (order_number, buyer_id, receiver_name, receiver_phone, receiver_address1, receiver_address2, receiver_address3, order_date, order_status, delivery_charge, using_point, imp_uid) VALUES (95339, 'user03@naver.com', '김옥정', '1912332211', '함경남도열기구손석구', '삼산동 ', '23453', NOW(), '주문접수', 0, 200, 'imp_uid33759');
INSERT INTO `order` (order_number, buyer_id, receiver_name, receiver_phone, receiver_address1, receiver_address2, receiver_address3, order_date, order_status, delivery_charge, using_point, imp_uid) VALUES (92330, 'user03@naver.com', '김옥정', '2012332211', '함경남도열기구손석구', '삼산동 ', '23453', NOW(), '주문접수', 0, 200, 'imp_uid33750');



